year,rank,name,age,location,country,affiliation,distance,time,verified,status
2025,1,Josh Knight,23,,GBR,Minerva,2000,5:47.6,R,Race
2025,2,Matt Haywood,26,,GBR,GB Rowing Team,2000,5:51.6,R,Race
2025,3,Gabriel Obholzer,21,,GBR,,2000,5:52.0,R,Race
2025,4,Callum Dixon,24,,GBR,GB Rowing Team,2000,5:52.5,R,Race
2025,5,Tobias Schr&ouml;der,25,,GBR,GB Rowing Team,2000,5:53.7,R,Race
2025,6,Olli-Pekka Karppinen,32,,FIN,,2000,5:54.2,R,Race
2025,7,Fergus Woolnough,22,,GBR,GB Rowing Team,2000,5:54.3,R,Race
2025,8,Harrison Fox,23,Fremantle,AUS,Melbourne University,2000,5:58.2,R,Race
2025,9,Miles Beeson,23,,GBR,GB Rowing Team,2000,5:58.3,R,Race
2025,10,Benjamin Clayton,22,Fremantle,AUS,UWA Boat Club,2000,5:58.7,R,Race
2025,11,Tom Atkins,34,"Sydney, NSW",AUS,,2000,5:59.9,R,Race
2025,12,Tom Ballinger,26,,GBR,GB Rowing Team,2000,6:01.0,R,Race
2025,13,Dan Graham,25,,GBR,GB Rowing Team,2000,6:02.1,R,Race
2025,14,James Vogel,27,,GBR,GB Rowing Team,2000,6:02.9,R,Race
2025,15,Sam Marsh,28,Fremantle,AUS,Swan River Rowing Club,2000,6:04.2,R,Race
2025,16,Jim Berriman,42,,GBR,Army Indoor Rowing Team,2000,6:04.5,R,Race
2025,17,Rob Birmingham,40,"Tannum Sands , QLD",AUS,Aussie Roos,2000,6:05.8,R,Race
2025,18,Stephen Hughes,22,,GBR,GB Rowing Team,2000,6:05.9,R,Race
2025,19,James Young,18,Fremantle,AUS,Swan River Rowing Club,2000,6:06.1,R,Race
2025,20,Ben Stephens,32,,GBR,York City Rowing Club,2000,6:07.0,R,Race
2025,21,Anders Meskestad Jacobsen,44,,NOR,Skullerud,2000,6:09.1,R,Race
2025,22,James Hudson,43,,GBR,The Delivery Room,2000,6:09.2,R,Race
2025,23,Richard Gozdecki,42,,GBR,Workout mill,2000,6:09.4,R,Race
2025,24,Daniel Holding,21,Fremantle,AUS,Fremantle Rowing Club,2000,6:09.5,R,Race
2025,25,Chris Power,38,,GBR,SPU,2000,6:09.6,R,Race
2025,26,Oscar Lourie,18,Fremantle,AUS,Fremantle Rowing Club,2000,6:10.9,R,Race
2025,27,Dejan Bouwhuis,22,Fremantle,AUS,West Australian Rowing Club,2000,6:12.5,R,Race
2025,28,Thomas Byass,18,Fremantle,AUS,West Australian Rowing Club,2000,6:13.4,R,Race
2025,29,Charles Wu,33,"Atlanta, GA",USA,"Atlanta Rowing Club, Inc.",2000,6:13.5,R,Race
2025,30,Joshua Hantke,19,Fremantle,AUS,West Australian Rowing Club,2000,6:14.1,R,Race
2025,31,Adam Jackson,32,,GBR,,2000,6:14.5,R,Race
2025,32,Tom Hartley,21,,GBR,University of Bath,2000,6:14.8,R,Race
2025,33,Richard Tomlinson,58,,AUS,,2000,6:15.5,R,Race
2025,34,Luca Freudenberg,22,,GBR,,2000,6:15.6,R,Race
2025,35,Clyde Cutajar,32,,MLT,Birgu Regatta Club,2000,6:16.6,R,Race
2025,36,Eric Madden,44,"Atlanta, GA",USA,,2000,6:16.7,R,Race
2025,37,Alan Sinclair,39,,GBR,Edge Rowing,2000,6:16.9,R,Race
2025,38,Lucas Cardaci,17,Fremantle,AUS,West Australian Rowing Club,2000,6:17.4,R,Race
2025,38,Charles French,40,,GBR,The Delivery Room,2000,6:17.4,R,Race
2025,40,Joseph Kocabas,21,,GBR,Globe Rowing Club,2000,6:17.9,R,Race
2025,41,Marco Frank,44,,ITA,"G.S. Vvf ""Ravalico"" Trieste",2000,6:18.7,R,Race
2025,42,Fergus McNamara,19,Fremantle,AUS,Swan River Rowing Club,2000,6:18.8,R,Race
2025,43,Harper Davies,20,Fremantle,AUS,Swan River Rowing Club,2000,6:19.6,R,Race
2025,44,Ewan Mccrorie,22,,GBR,,2000,6:19.8,R,Race
2025,44,Anthony Morgan,38,,IRL,The Delivery Room,2000,6:19.8,R,Race
2025,46,Francesco Di Re,22,,ITA,R.C.C. Tevere Remo,2000,6:20.2,R,Race
2025,47,James Kessell,32,,GBR,Leeds City AC,2000,6:20.9,R,Race
2025,48,Alexander Crosbie,32,,GBR,Royal Army Physical Training Corps,2000,6:21.4,R,Race
2025,48,Ollie Osborne,44,,GBR,Warrior Wellness Movement,2000,6:21.4,R,Race
2025,50,James Cox,20,,GBR,Agecroft Rowing Club,2000,6:21.5,R,Race
2025,51,Eduardo Moschella,16,,ITA,R.C.C. Tevere Remo,2000,6:21.6,R,Race
2025,51,Louis Sheasby,16,,GBR,Hartpury University and College Boat Club,2000,6:21.6,R,Race
2025,53,Ryan Corcoran,47,,IRL,RS,2000,6:22.1,R,Race
2025,54,Spencer Davey,41,,GBR,The Delivery Room,2000,6:22.2,R,Race
2025,55,Stuart Elvin,36,,GBR,Army Indoor Rowing Team,2000,6:22.3,R,Race
2025,56,Mark Buse,32,,ITA,Rowing Club At Harvard Griffin Gsas (Graduate School),2000,6:22.5,R,Race
2025,57,Remy Payne,17,Fremantle,AUS,Fremantle Rowing Club,2000,6:22.7,R,Race
2025,58,James Howlett,26,,GBR,Rowfit,2000,6:22.9,R,Race
2025,59,Ben Jago,45,,GBR,Sub 7 IRC,2000,6:23.0,R,Race
2025,60,Alex Repton,17,,GBR,Hartpury University and College Boat Club,2000,6:23.1,R,Race
2025,61,Rhydian Gierat,39,,GBR,Sub7 IRC,2000,6:23.2,R,Race
2025,62,Hugh Morris,24,,GBR,Sons of the Thames,2000,6:23.3,R,Race
2025,62,Taryn Skinner,36,,GBR,,2000,6:23.3,R,Race
2025,64,Ollie Quinn,18,,AUS,,2000,6:23.4,R,Race
2025,65,William Hynes,24,Fremantle,AUS,Fremantle Rowing Club,2000,6:23.7,R,Race
2025,66,Calvin Hrycay,17,"Atlanta, GA",USA,Triad United Rowing Association,2000,6:23.8,R,Race
2025,66,William Lamb,33,,GBR,,2000,6:23.8,R,Race
2025,68,Simon Wallis,38,,GBR,Wally Challenge Rowing Club,2000,6:23.9,R,Race
2025,69,Ben Haywood,18,ACT,AUS,,2000,6:24.0,R,Race
2025,70,Brody Hannan,28,,GBR,Army Indoor Rowing Team,2000,6:24.2,R,Race
2025,70,Connor Peterson,18,"Atlanta, GA",USA,Georgia Tech Rowing Club,2000,6:24.2,R,Race
2025,72,Ciaran Ruddock,35,,IRL,FFS Gyms,2000,6:24.4,R,Race
2025,73,Samuel Clifford,25,,GBR,City of Oxford,2000,6:24.5,R,Race
2025,73,Liam Davis,18,Fremantle,AUS,Fremantle Rowing Club,2000,6:24.5,R,Race
2025,73,Thomas Poulton,22,,GBR,,2000,6:24.5,R,Race
2025,73,Richard Wolskel,17,,GBR,RSSBC,2000,6:24.5,R,Race
2025,77,Maxim Evans,16,,GBR,RSSBC,2000,6:24.6,R,Race
2025,78,Toro Shodunke,22,,GBR,Agecroft,2000,6:24.9,R,Race
2025,79,Tyler Body,30,,GBR,Royal Army Physical Training Corps,2000,6:25.0,R,Race
2025,80,Liam Davis,21,Fremantle,AUS,Fremantle Rowing Club,2000,6:25.6,R,Race
2025,81,Gianmarco Guglielmino,39,,ITA,Cus Milano,2000,6:25.7,R,Race
2025,82,Ian Wilde,47,,GBR,Sub 7 IRC,2000,6:25.8,R,Race
2025,83,Sam Arnold,45,,GBR,Jetts Farnborough,2000,6:26.7,R,Race
2025,84,Freid Eggum,50,,NOR,MOT GYM KRAGERØ,2000,6:26.8,R,Race
2025,84,Gianluca Vartan,22,,GBR,Globe RC,2000,6:26.8,R,Race
2025,86,Daniel Collins,39,Derry,IRL,City of Derry Boating Club,2000,6:26.9,R,Race
2025,86,Oliver Degerstedt,33,Helsinki,FIN,Keravan Urheilijat,2000,6:26.9,R,Race
2025,88,Mark Gaalswyk,40,,USA,Staines boat club,2000,6:27.8,R,Race
2025,89,Matthew Hood,32,,GBR,,2000,6:28.1,R,Race
2025,89,Jacob Sangster,20,Fremantle,AUS,Fremantle Rowing Club,2000,6:28.1,R,Race
2025,91,Tobias St&ouml;hr,43,,GER,,2000,6:28.4,R,Race
2025,92,Andrew Sherburne,22,"Atlanta, GA",USA,Georgia Tech Rowing Club,2000,6:28.6,R,Race
2025,93,Isaac Hamilton,22,Fremantle,AUS,UWA Boat Club,2000,6:29.0,R,Race
2025,94,Lorents Gulvik Hegdal,21,,NOR,,2000,6:29.3,R,Race
2025,95,Martin Evans,50,,GBR,Bridgnorth RC,2000,6:29.7,R,Race
2025,95,Ryan Hepworth,37,,GBR,RAF Rowing,2000,6:29.7,R,Race
2025,97,Glen Remnant,53,,GBR,,2000,6:29.8,R,Race
2025,98,Dan Page,16,,GBR,Hartpury University and College Boat Club,2000,6:29.9,R,Race
2025,99,blayden meagher,33,VIC,AUS,,2000,6:30.0,R,Race
2025,100,Luke Marston,27,,GBR,Royal Air Force Rowing Club,2000,6:30.1,R,Race
2025,101,Sam Clode,18,Fremantle,AUS,West Australian Rowing Club,2000,6:30.3,R,Race
2025,102,Francesco Aprile,36,,ITA,Crlp Lago Pusiano,2000,6:30.4,R,Race
2025,102,Ross Metcalfe,34,,GBR,1 Lancs Rowing team.,2000,6:30.4,R,Race
2025,104,Tomas Videkling,50,,SWE,,2000,6:30.6,R,Race
2025,105,Samu Taina,32,,FIN,,2000,6:31.0,R,Race
2025,106,Tony Larkman,55,,GBR,Mad Team IRC,2000,6:31.3,R,Race
2025,107,David Woodhouse,47,"Sydney, NSW",AUS,,2000,6:31.4,R,Race
2025,108,Stephen Bailey,55,,GBR,Lancaster Uni Rugby League Old Boys,2000,6:31.5,R,Race
2025,108,Harrison Thomas,16,QLD,AUS,,2000,6:31.5,R,Race
2025,110,Darren Johnson,47,,GBR,The Delivery Room,2000,6:31.6,R,Race
2025,111,Gus Goode,16,,GBR,The Grange School,2000,6:31.8,R,Race
2025,112,George Coates,17,,GBR,Hartpury University and College Boat Club,2000,6:31.9,R,Race
2025,113,David Thorley,44,,GBR,,2000,6:32.0,R,Race
2025,114,Hugo Dossett,17,,GBR,Dart Totnes AR,2000,6:32.3,R,Race
2025,115,Ethan Frost,19,,GBR,Dart-Totnes Amateur Rowing Club,2000,6:32.4,R,Race
2025,115,Jorge Garcia,27,,ESP,,2000,6:32.4,R,Race
2025,115,Josh Hemming,31,,GBR,King's School Worcester,2000,6:32.4,R,Race
2025,118,George Mellos,38,,GRE,The Scullers,2000,6:32.5,R,Race
2025,119,Mark Fountaine,57,,GBR,Sub7,2000,6:32.6,R,Race
2025,119,Michael Malone,42,"Atlanta, GA",USA,Potomac Boat Club,2000,6:32.6,R,Race
2025,119,Peter Williams,46,,GBR,Royal Navy,2000,6:32.6,R,Race
2025,122,Mark Mitchell,50,,GBR,Mad Team IRC,2000,6:32.9,R,Race
2025,122,Adrian Peel,55,,GBR,Team Oarsome,2000,6:32.9,R,Race
2025,124,Jacob Minchin,21,Fremantle,AUS,UWA Boat Club,2000,6:33.0,R,Race
2025,125,Alessandro Andreolli,32,,ITA,A.S.D. Prosport,2000,6:33.1,R,Race
2025,126,Joshua Berg,34,,GBR,Royal Navy,2000,6:33.2,R,Race
2025,127,Ellis Evans,30,,GBR,,2000,6:33.6,R,Race
2025,127,Ken Gates,65,"Austin, TX",USA,Texas Rowing Center,2000,6:33.6,R,Race
2025,129,Ben Gallagher,37,,GBR,We Are Invictus,2000,6:33.8,R,Race
2025,130,Dan Brooks,39,,GBR,,2000,6:33.9,R,Race
2025,130,Charro Wood,45,,GBR,,2000,6:33.9,R,Race
2025,132,Pekka Lensu,42,,FIN,,2000,6:34.1,R,Race
2025,133,Jack Webber,30,,GBR,Sub 7 IRC,2000,6:34.2,R,Race
2025,134,John Webb,44,,GBR,,2000,6:34.4,R,Race
2025,135,Fernando Nardi,49,,ITA,Cc Roma,2000,6:34.5,R,Race
2025,136,Tristan Hill,43,QLD,AUS,,2000,6:34.7,R,Race
2025,137,Dylan Capewell,15,Fremantle,AUS,Shenton College,2000,6:35.2,R,Race
2025,137,Mihaita Iliut,28,,ROU,ACSNADA FLORILOR FALTICENI &SONS ROWING CLUB,2000,6:35.2,R,Race
2025,137,Stephen Redman,49,,GBR,,2000,6:35.2,R,Race
2025,137,Simon Torstensson,31,,SWE,Rowfit,2000,6:35.2,R,Race
2025,141,Gijs Sollewijn Gelpke,24,Eindhoven,NED,,2000,6:35.4,R,Race
2025,142,Tommy Baker,25,,IRL,Maidenhead Rowing Club,2000,6:35.6,R,Race
2025,143,Elio Di Zenobio,21,,ITA,Cc Roma,2000,6:36.0,R,Race
2025,143,Pat Shanahan,41,"Sydney, NSW",AUS,,2000,6:36.0,R,Race
2025,145,Ole Kristian Karlsen,60,,NOR,Skullerud Sportsklubb,2000,6:36.1,R,Race
2025,146,Raffael Scialo,36,,GBR,,2000,6:36.2,R,Race
2025,146,Ollie Wrenn,25,,GBR,Coalporters ARC,2000,6:36.2,R,Race
2025,148,Liam Jaeger,18,Fremantle,AUS,Fremantle Rowing Club,2000,6:36.3,R,Race
2025,148,Andrew White,50,,GBR,,2000,6:36.3,R,Race
2025,150,Charro Wood,44,,GBR,,2000,6:36.4,R,Race
2025,151,Andrew Niven,31,QLD,AUS,,2000,6:36.6,R,Race
2025,152,Christian Struck,44,,GBR,,2000,6:36.7,R,Race
2025,153,Jordan Peake,33,,GBR,Bristol Ariel Rowing Club,2000,6:36.8,R,Race
2025,153,Harry Rutter,19,,GBR,Hartpury University and College Boat Club,2000,6:36.8,R,Race
2025,155,Rohan Prakash,18,"Atlanta, GA",USA,Georgia Tech Rowing Club,2000,6:37.2,R,Race
2025,156,Michael Collins,41,,GBR,,2000,6:37.3,R,Race
2025,157,Patrick Chiurazzi,18,,ITA,R.C.C. Tevere Remo,2000,6:37.4,R,Race
2025,157,Brian Turner,56,"Peterborough, ON",CAN,Team Canada,2000,6:37.4,R,Race
2025,159,Anthony Hooton,44,,GBR,,2000,6:37.7,R,Race
2025,160,Jacob Cassey,19,Fremantle,AUS,Fremantle Rowing Club,2000,6:37.8,R,Race
2025,160,Aaron Pritchard,39,,GBR,,2000,6:37.8,R,Race
2025,162,David Rackstraw,42,,GBR,MAD Team Rowing,2000,6:37.9,R,Race
2025,163,Sam Lake,30,,GBR,,2000,6:38.0,R,Race
2025,163,Luke Rhodes,21,"Atlanta, GA",USA,Georgia Tech Rowing Club,2000,6:38.0,R,Race
2025,165,William Davison,55,,GBR,TTTC/Cobham Rugby,2000,6:38.3,R,Race
2025,166,Archie Norton,18,,GBR,Bath University Boat Club,2000,6:38.5,R,Race
2025,166,Neil Ready,47,,GBR,,2000,6:38.5,R,Race
2025,168,Stewart Moss,54,,GBR,Royal Navy,2000,6:38.6,R,Race
2025,169,Harry Waters,18,,GBR,King's School Worcester,2000,6:38.7,R,Race
2025,170,Davide Catena,21,,ITA,Trevignano Rowing,2000,6:39.0,R,Race
2025,171,Charles Potter,16,Fremantle,AUS,Shenton College,2000,6:39.3,R,Race
2025,172,Kyle Rolfe,38,,GBR,Warrior Wellness Movement,2000,6:39.4,R,Race
2025,173,Conrad Beckman,37,,USA,Pure Gym,2000,6:40.0,R,Race
2025,174,Daniel Biggs,23,,GBR,Army Indoor Rowing Team,2000,6:40.2,R,Race
2025,174,Paul Morton,60,"Atlanta, GA",USA,SUB 7 Indoor Rowing Club,2000,6:40.2,R,Race
2025,176,Alex Scott,50,,GBR,Henley Rowing Club,2000,6:40.3,R,Race
2025,177,Guy Hagan,48,,GBR,Rowfit,2000,6:40.4,R,Race
2025,178,Stephen Bailey,63,,GBR,,2000,6:40.6,R,Race
2025,178,Luke Orr,36,,GBR,Army Indoor Rowing Team,2000,6:40.6,R,Race
2025,180,Matthew Hunter,22,,GBR,Army Indoor Rowing Team,2000,6:40.7,R,Race
2025,181,Benjamin Morgan,16,,GBR,RSSBC,2000,6:40.8,R,Race
2025,182,Lauren Henry,24,,GBR,GB Rowing Team,2000,6:40.9,R,Race
2025,183,Tristan Fowler,42,,GBR,,2000,6:41.0,R,Race
2025,184,Jack Norton,21,,GBR,Bath University Boat Club,2000,6:41.1,R,Race
2025,185,Chris Gallagher,38,,GBR,,2000,6:41.2,R,Race
2025,186,Aussie Griffin,15,,AUS,Swan River Rowing Club,2000,6:41.3,R,Race
2025,187,Jan Tanti,34,,MLT,Siggiewi Rowing Club,2000,6:41.4,R,Race
2025,187,Joe Warren,39,,GBR,Wally Challenge Rowing Club (WCRC),2000,6:41.4,R,Race
2025,189,John Hunt,48,,GBR,The Delivery Room,2000,6:41.5,R,Race
2025,190,Grantly Clonan,57,QLD,AUS,,2000,6:41.6,R,Race
2025,191,David Duggan,40,,GBR,,2000,6:42.1,R,Race
2025,192,Ben Mertz,24,,USA,Cimarron Rowing Club,2000,6:42.5,R,Race
2025,192,Manuel Modista,16,,ITA,Cc Aniene,2000,6:42.5,R,Race
2025,192,Richard Tremere,45,,GBR,,2000,6:42.5,R,Race
2025,195,Alex Richardson,19,,GBR,Hartpury University and College Boat Club,2000,6:42.6,R,Race
2025,196,Duncan Grocock,39,,GBR,Wally Challenge Rowing Club (WCRC),2000,6:42.7,R,Race
2025,197,Tim Young,49,,GBR,Red Line Rowers,2000,6:42.8,R,Race
2025,198,Matti Kurki,49,K&auml;rk&ouml;l&auml;,FIN,,2000,6:42.9,S,Race
2025,198,Luke Schofield,41,,AUS,,2000,6:42.9,R,Race
2025,198,Davvid Wise,23,,GBR,Maidstone Invicta,2000,6:42.9,R,Race
2025,198,Collin Wyant,20,,USA,St. Olaf Rowing Club,2000,6:42.9,R,Race
2025,202,Oliver Leppert,16,,GBR,Hereford Rowing Club,2000,6:43.0,R,Race
2025,203,Robert Morris,43,,GBR,,2000,6:43.1,R,Race
2025,204,Mark Chadwick,46,,GBR,,2000,6:43.5,R,Race
2025,204,Tommaso Di Loreto,16,,ITA,R.C.C. Tevere Remo,2000,6:43.5,R,Race
2025,206,Vwaire Obukohwo,24,,GBR,GB Rowing Team,2000,6:43.7,R,Race
2025,207,Emerson Wright,17,"Atlanta, GA",USA,Lake Lanier Rowing Club,2000,6:43.9,R,Race
2025,208,John Heyerdahl,22,"Atlanta, GA",USA,Georgia Tech Rowing Club,2000,6:44.1,R,Race
2025,209,Justin Greer,55,,GBR,,2000,6:44.2,R,Race
2025,210,Dyfrig Williams,18,,GBR,Tees,2000,6:44.3,R,Race
2025,211,James Atkin,47,,GBR,Trent Rowing Club,2000,6:44.4,R,Race
2025,211,Sam Collins,36,,GBR,,2000,6:44.4,R,Race
2025,213,Ian Lankton,22,,USA,St. Cloud State University Crew,2000,6:44.5,R,Race
2025,214,Kyle Armstrong,26,,GBR,,2000,6:44.6,R,Race
2025,215,Orell Baumann,33,,SUI,,2000,6:44.9,R,Race
2025,215,Eden Myburgh,16,,AUS,,2000,6:44.9,R,Race
2025,217,Ben Klukaszewski,21,"Atlanta, GA",USA,Georgia Tech Rowing Club,2000,6:45.0,R,Race
2025,217,Arturas Radziunas,50,,LTU,,2000,6:45.0,R,Race
2025,219,Andrea Sangiovanni-Vincentelli,50,,GBR,,2000,6:45.1,R,Race
2025,220,Samuel Chard,24,,GBR,Army Indoor Rowing Team,2000,6:45.2,R,Race
2025,221,Connor Lovely,30,,GBR,,2000,6:45.3,R,Race
2025,221,Federico Perinati,35,,ITA,Cus Trento,2000,6:45.3,R,Race
2025,221,Mark Smith,53,"Aussie living in France, QLD",AUS,SUB-7 IRC,2000,6:45.3,R,Race
2025,224,Adam Redstone,32,,GBR,,2000,6:45.4,R,Race
2025,225,Shane Mcdermott,42,,GBR,Ireland / Molesey Boat Club,2000,6:45.5,R,Race
2025,226,Andrea Borrone,40,,ITA,Cf Megara,2000,6:45.6,R,Race
2025,226,Elizabeth Gilmore,41,,USA,SPU,2000,6:45.6,R,Race
2025,226,Edward Jones,45,,GBR,,2000,6:45.6,R,Race
2025,226,Harry Lewer,34,,GBR,Royal Army Physical Training Corps,2000,6:45.6,R,Race
2025,230,Giles Clarke,60,,GBR,Red Line Rowers,2000,6:45.7,R,Race
2025,231,Georgie Brayshaw,24,,GBR,GB Rowing Team,2000,6:45.8,R,Race
2025,232,Scott Pollock,42,,GBR,Royal Army Physical Training Corps,2000,6:46.0,R,Race
2025,233,Christopher Fenn,32,,GBR,Royal Navy,2000,6:46.1,R,Race
2025,233,Marcus Harvey,65,,GBR,Nuneaton old Ed’s RFC,2000,6:46.1,R,Race
2025,235,Rory Gardiner,30,,GBR,Royal Army Physical Training Corps,2000,6:46.2,R,Race
2025,235,James Raymond,31,,GBR,,2000,6:46.2,R,Race
2025,237,Charles Coussens,33,,GBR,Army Indoor Rowing Team,2000,6:46.5,R,Race
2025,238,Laith Ibrahim,17,,GBR,Gorse Academy,2000,6:46.6,R,Race
2025,239,Antoine Brignone,26,,MLT,Birgu Regatta Club,2000,6:46.9,R,Race
2025,239,Umberto Peruzzet,31,,ITA,Hybrid Shape Up,2000,6:46.9,R,Race
2025,241,Ollie Brew,18,,GBR,Hartpury University and College Boat Club,2000,6:47.2,R,Race
2025,241,Jeremy Burton,33,,GBR,Club Coaction,2000,6:47.2,R,Race
2025,241,Gabriele Antonio Maria Donato,17,,ITA,Cc Aniene,2000,6:47.2,R,Race
2025,241,Neil Hill,48,,GBR,,2000,6:47.2,R,Race
2025,241,Chris Walls,43,,GBR,,2000,6:47.2,R,Race
2025,246,Robert Morris,42,,GBR,Army Indoor Rowing Team,2000,6:47.3,R,Race
2025,246,Joe Morton,40,,GBR,,2000,6:47.3,R,Race
2025,248,Michele Di Pardo,53,,ITA,"Asd Associazione Remiera Vastese ""La Ciurma""",2000,6:47.4,R,Race
2025,249,David Scott,60,,GBR,Sub 7,2000,6:47.7,R,Race
2025,250,Barney Price,47,,GBR,City of Cambridge Rowing Club,2000,6:47.9,R,Race
2025,250,Richard Pruce,56,,GBR,Sub7IRC & Fairlop RC,2000,6:47.9,R,Race
2025,250,Max van de Vijver,20,,NED,D.S.R.V. Laga,2000,6:47.9,R,Race
2025,253,David Duggan,40,,IRL,Kilmacsimon RC,2000,6:48.0,R,Race
2025,254,Will Randall,37,,GBR,London RC,2000,6:48.1,R,Race
2025,255,Ben Hampson,29,,GBR,,2000,6:48.2,R,Race
2025,256,Henk-Jaap Wagenaar,32,,GBR,Thames Valley Park Rowing Club,2000,6:48.7,R,Race
2025,257,Neil Campbell,46,,GBR,Maidenhead Rowing Club,2000,6:48.8,R,Race
2025,257,Andrea Ronchetti,16,,ITA,Cc Aniene,2000,6:48.8,R,Race
2025,259,Mason Mihalis,22,"Atlanta, GA",USA,Georgia Tech Rowing Club,2000,6:49.2,R,Race
2025,260,Phil Saxena,48,,GBR,,2000,6:49.4,R,Race
2025,261,Kade French,33,QLD,AUS,,2000,6:49.6,R,Race
2025,262,Dennis Black,53,NSW,AUS,,2000,6:49.7,R,Race
2025,262,Declan Kelly,45,,IRL,Row Bros,2000,6:49.7,R,Race
2025,264,Jim Heskin,54,,GBR,,2000,6:49.8,R,Race
2025,265,Malcolm Griffin,61,,GBR,Warwick Boat Club,2000,6:49.9,R,Race
2025,266,George Hall,27,,GBR,Royal Navy,2000,6:50.0,R,Race
2025,267,Juliette Perry,24,,GBR,GB Rowing Team,2000,6:50.3,R,Race
2025,268,Jonny Houguez,42,,GBR,,2000,6:50.4,R,Race
2025,269,Martin Edwards,53,"Brisbane, QLD",AUS,Brisbane and GPS Rowing Club,2000,6:50.6,R,Race
2025,270,Stewart Edmondson,59,,GBR,Gym Mostyn,2000,6:50.7,R,Race
2025,271,Danilo Paonessa,39,,ITA,Asd Master Functional,2000,6:50.8,R,Race
2025,271,Simon Plummer,55,QLD,AUS,,2000,6:50.8,R,Race
2025,271,Shane Ryan,36,,IRL,Castleconnel Boat Club,2000,6:50.8,R,Race
2025,274,Benjamin Martin,26,,GBR,Crossfit Braze,2000,6:51.0,R,Race
2025,275,Brandon Kluge,21,"Atlanta, GA",USA,Georgia Tech Rowing Club,2000,6:51.1,R,Race
2025,275,Karthik Krishnan,21,"Atlanta, GA",USA,Georgia Tech Rowing Club,2000,6:51.1,R,Race
2025,275,Ed Watson,50,,USA,Fletcher Sports / League of Rowers,2000,6:51.1,R,Race
2025,278,Chris Fowler,46,,GBR,,2000,6:51.4,R,Race
2025,279,Charles Harris,49,,GBR,,2000,6:51.5,R,Race
2025,279,Nigel Shimmin,48,,GBR,,2000,6:51.5,R,Race
2025,281,Spencer Smith,21,"Atlanta, GA",USA,Georgia Tech Rowing Club,2000,6:51.7,R,Race
2025,282,Martin Pierce,44,,GBR,,2000,6:51.9,R,Race
2025,283,Andrew Munro,55,,GBR,Falcon Boat Club/Magdalen College School Boat Club,2000,6:52.0,R,Race
2025,283,John Rowley,43,,GBR,Clwb Rhwyfo Dan Do Gogledd Cymru,2000,6:52.0,R,Race
2025,285,Marc Diplock,41,,GBR,,2000,6:52.1,R,Race
2025,286,Andrew Kaminer,21,"Atlanta, GA",USA,Georgia Tech Rowing Club,2000,6:52.2,R,Race
2025,287,James King,26,,GBR,Leeds Rowing Club,2000,6:52.3,R,Race
2025,288,Joep Vissers,43,,AUS,,2000,6:52.7,R,Race
2025,288,Nico Wright,38,,GBR,,2000,6:52.7,R,Race
2025,290,Cassidy Ellem-Allen,14,,AUS,,2000,6:52.8,R,Race
2025,291,Wyatt Lorenz,17,,USA,Long Lake Rowing Crew,2000,6:52.9,R,Race
2025,291,Bulut Onoz,15,"Atlanta, GA",USA,,2000,6:52.9,R,Race
2025,291,Luke Porteous,18,Fremantle,AUS,Swan River Rowing Club,2000,6:52.9,R,Race
2025,291,Neil Ridge,58,,GBR,Plymouth ARC,2000,6:52.9,R,Race
2025,291,Roman Stanec,44,,CZE,,2000,6:52.9,R,Race
2025,296,Neon O&#039;brien,29,,GBR,Royal Army Physical Training Corps,2000,6:53.0,R,Race
2025,297,Sam Macintosh,45,,GBR,,2000,6:53.2,R,Race
2025,297,Hugh Trenchard,56,,AUS,,2000,6:53.2,R,Race
2025,297,Hugh Trenchard,56,"Victoria, BC",CAN,Silent Water Neufeld,2000,6:53.2,R,Race
2025,300,Richard Galpin,49,,GBR,We Are Invictus,2000,6:53.3,R,Race
2025,300,Alan Nicholson,45,,GBR,,2000,6:53.3,R,Race
2025,302,Jiah Edmonds,45,Mount Albert,NZL,,2000,6:53.5,R,Race
2025,302,Jamie Hammond,53,QLD,AUS,,2000,6:53.5,R,Race
2025,304,Eleanor Brinkoff,24,,GBR,GB Rowing Team,2000,6:53.7,R,Race
2025,304,Garym Williams,33,,GBR,L+A Fitness Caernarfon,2000,6:53.7,R,Race
2025,306,Daniel Wilson,17,,GBR,Shiplake College,2000,6:54.1,R,Race
2025,307,Martin Greulich,13,"Havertown, PA",USA,Penn Athletic Club,2000,6:54.5,S,Race
2025,308,Charlie Kilvert,16,,GBR,Trent Rowing Club,2000,6:54.6,R,Race
2025,309,Robbie Harris,41,,GBR,Goat Fitness,2000,6:54.7,R,Race
2025,309,Christopher Noon,59,,GBR,,2000,6:54.7,R,Race
2025,309,Dave Pimm,52,"Springfield, NSW",AUS,Fitness Matters,2000,6:54.7,R,Race
2025,312,Amelia Standing,24,,GBR,GB Rowing Team,2000,6:54.8,R,Race
2025,313,Ellie Dash,21,,GBR,Hartpury University and College Boat Club,2000,6:54.9,R,Race
2025,314,Jade Lindo,24,,GBR,GB Rowing Team,2000,6:55.2,R,Race
2025,314,Kelvin Mulholland,61,"Norfolk Island, NSW",AUS,,2000,6:55.2,R,Race
2025,316,James Blackburn,38,"Atlanta, GA",USA,,2000,6:55.4,R,Race
2025,317,Bennett Huf,16,QLD,AUS,,2000,6:55.6,R,Race
2025,318,Amar Sandhu,19,,GBR,,2000,6:55.7,R,Race
2025,319,Matteo Apolloni,16,,ITA,Cc Aniene,2000,6:55.8,R,Race
2025,319,Paolo Fabrizi,59,,ITA,Cc Roma,2000,6:55.8,R,Race
2025,319,Richard Kessell,31,,GBR,Big G & co,2000,6:55.8,R,Race
2025,319,Phil Tilley,60,,GBR,Monmouth Rowing Club,2000,6:55.8,R,Race
2025,323,Mark Epler,42,,USA,,2000,6:56.1,R,Race
2025,323,Franco Vecchia,50,,ITA,Italian Defence Academy,2000,6:56.1,R,Race
2025,325,Elliot Baird,18,,GBR,King's School Worcester,2000,6:56.2,R,Race
2025,326,Lincoln Chiappone,53,"Apopka, FL",USA,Orlando Rowing Club,2000,6:56.3,R,Race
2025,326,Daniel Parker-Owen,16,,GBR,Hartpury University and College Boat Club,2000,6:56.3,R,Race
2025,326,Duncan Strachan,30,,GBR,Warwick Boat Club,2000,6:56.3,R,Race
2025,326,Owen Vassallo,38,,MLT,Siggiewi Rowing Club,2000,6:56.3,R,Race
2025,330,Andrew Feilden,52,,GBR,RowAlong,2000,6:56.4,R,Race
2025,330,Brennen Hegarty,31,"Tinbeerwah, QLD",AUS,,2000,6:56.4,R,Race
2025,330,James Preisig,66,"Atlanta, GA",USA,,2000,6:56.4,R,Race
2025,330,Roddy Statton,59,,GBR,Mike Munds,2000,6:56.4,R,Race
2025,334,Pentti Soini,63,Vantaa,FIN,Keravan Urheilijat,2000,6:56.5,R,Race
2025,335,Dale Curtis,53,VIC,AUS,,2000,6:56.7,R,Race
2025,335,Mark Lysons,49,,GBR,Gym Mostyn,2000,6:56.7,R,Race
2025,335,Carl Peasnell,50,,GBR,Walbrook Rowing Club,2000,6:56.7,R,Race
2025,338,Mark Francis,60,,GBR,Staines boat club,2000,6:56.8,R,Race
2025,338,Massimiliano Guidi,54,,ITA,Roman Sport City,2000,6:56.8,R,Race
2025,340,Shaun Callaghan,60,,GBR,Steepholme Pirates,2000,6:57.0,R,Race
2025,341,Kalvin Anns,30,,GBR,Seal Personal Training,2000,6:57.1,R,Race
2025,341,Ben Smith,43,,GBR,UPRC Alumni,2000,6:57.1,R,Race
2025,343,Phil Welch,40,,GBR,Royal Army Physical Training Corps,2000,6:57.2,R,Race
2025,344,Gavin Lippitt,51,,GBR,Crossfit Cairngorm,2000,6:57.5,R,Race
2025,345,Francesco D&#039;Ayala Valva,14,,ITA,Cc Aniene,2000,6:57.6,R,Race
2025,346,Matteo Corriero,34,,ITA,Full Spectrum Academy,2000,6:57.7,R,Race
2025,346,Jeremy Martin,61,,GBR,Fairlop Rowing Club / The Diamonds,2000,6:57.7,R,Race
2025,348,Chris John,65,,GBR,,2000,6:57.8,R,Race
2025,348,Jamie Virtue,52,,GBR,,2000,6:57.8,R,Race
2025,350,Michael Caviston,63,"Atlanta, GA",USA,,2000,6:58.0,R,Race
2025,351,Simon Carson-Jones,48,,GBR,,2000,6:58.3,R,Race
2025,352,Mark Quinn,48,,GBR,,2000,6:58.5,R,Race
2025,353,Gordon Devlin,44,,GBR,215 MMR,2000,6:58.8,R,Race
2025,353,Jackson Mueller,19,"Atlanta, GA",USA,Georgia Tech Rowing Club,2000,6:58.8,R,Race
2025,353,Hayden Neilsen,15,,AUS,,2000,6:58.8,R,Race
2025,356,Steven Gaspars,51,,AUS,,2000,6:58.9,R,Race
2025,356,Vikas Malepati,20,"Atlanta, GA",USA,Georgia Tech Rowing Club,2000,6:58.9,R,Race
2025,358,Terry Greenwood,50,,GBR,Trafford Athletic Club,2000,6:59.1,R,Race
2025,359,Richard Cooper,53,,GBR,Age Without Limits,2000,6:59.2,R,Race
2025,359,David Mahon,45,,IRL,RS,2000,6:59.2,R,Race
2025,359,Beau Rigby,34,,GBR,Royal Army Physical Training Corps,2000,6:59.2,R,Race
2025,362,Paddy Harris,25,,GBR,Bristol Ariel Rowing Club,2000,6:59.4,R,Race
2025,363,Phillip Brazel,57,"Bombala, NSW",AUS,,2000,6:59.7,R,Race
2025,364,Sebastian Osle,16,,USA,Long Lake Rowing Crew,2000,6:59.8,R,Race
2025,365,Tako Lootsma,51,,NED,Free Spirits IRC,2000,7:00.0,R,Race
2025,366,Jack Heath,18,"Atlanta, GA",USA,Berry College Viking Crew,2000,7:00.2,R,Race
2025,367,Chris Malkin,45,,GBR,,2000,7:00.5,R,Race
2025,368,Dirk Hellmuth,48,,GER,rowDMH,2000,7:00.6,R,Race
2025,369,Benjamin Hall,51,"Atlanta, GA",USA,"Atlanta Rowing Club, Inc.",2000,7:00.7,R,Race
2025,369,Zachary Schilke,16,"Atlanta, GA",USA,Row Georgia,2000,7:00.7,R,Race
2025,371,Richie Bate,43,,GBR,,2000,7:00.8,R,Race
2025,371,Ben Macdonald,20,,GBR,Hartpury University and College Boat Club,2000,7:00.8,R,Race
2025,371,Roman NOVOTN&Yacute;,58,,CZE,,2000,7:00.8,R,Race
2025,374,Lucy Havard,35,,GBR,Cambridge University Boat Club,2000,7:00.9,R,Race
2025,374,Adam Scarr,39,,GBR,SCARR,2000,7:00.9,R,Race
2025,376,Massimo Galletti,64,,ITA,Sport Life,2000,7:01.0,R,Race
2025,377,Bryce Durham,40,,AUS,,2000,7:01.2,R,Race
2025,378,Weininger Irwin,61,,GBR,Cool Rowings/ Fairlop RC,2000,7:01.5,R,Race
2025,378,Massimo Terzuoli,43,,ITA,Rowing Class,2000,7:01.5,R,Race
2025,380,Richard Charrett,37,,GBR,Royal Navy,2000,7:01.6,R,Race
2025,381,Gregorio Maria Toppi,16,,ITA,Cc Roma,2000,7:01.8,R,Race
2025,382,Catherine Gardner,17,,GBR,Hartpury University and College Boat Club,2000,7:02.1,R,Race
2025,382,Tom Taylor,17,,GBR,Northampton Rowing Club,2000,7:02.1,R,Race
2025,384,Simon Marren,38,,GBR,,2000,7:02.2,R,Race
2025,384,Robert Ramma,40,"NARANGBA, QLD",AUS,,2000,7:02.2,R,Race
2025,384,Richard Wilcock,60,,GBR,MALLORY,2000,7:02.2,R,Race
2025,387,Mark Powell,55,,GBR,Sub7 IRC,2000,7:02.3,R,Race
2025,387,Claudia Rossington,21,,GBR,University of Birmingham,2000,7:02.3,R,Race
2025,389,Steve Collins,53,,GBR,Worthing Rowing Club,2000,7:02.4,R,Race
2025,390,Paul Dunn,46,,GBR,Warrior Wellness Movement,2000,7:02.8,R,Race
2025,390,Pierandrea Micozzi,21,,ITA,Cc Roma,2000,7:02.8,R,Race
2025,392,Ivano Spadavecchia,16,,ITA,Cc Aniene,2000,7:02.9,R,Race
2025,393,Max Vaughan,22,Fremantle,AUS,UWA Boat Club,2000,7:03.1,R,Race
2025,394,Spencer Newport,58,,GBR,,2000,7:03.2,R,Race
2025,395,Henry Morrison,51,,GBR,,2000,7:03.3,R,Race
2025,396,Riccardo Cenci,33,,ITA,Sportivamenteinsieme Asd,2000,7:03.9,R,Race
2025,396,Rachel Fisher,37,,GBR,The Delivery Room,2000,7:03.9,R,Race
2025,398,Simon Breed,45,,GBR,,2000,7:04.0,R,Race
2025,398,Gordon Pitts,59,"Bunya, QLD",AUS,,2000,7:04.0,R,Race
2025,398,John Ridge,53,,GBR,,2000,7:04.0,R,Race
2025,401,Salvatore Domina,58,,ITA,Sport Life,2000,7:04.1,R,Race
2025,401,Ben Lukowski,41,,GBR,We Are Invictus,2000,7:04.1,R,Race
2025,403,Tudor Morris,17,,GBR,Doncaster Schools Rowing Association,2000,7:04.3,R,Race
2025,404,Tim Bailey,57,,GBR,,2000,7:04.5,R,Race
2025,404,Max Erasmus,17,,GBR,,2000,7:04.5,R,Race
2025,406,Joe Moohan,55,,GBR,Warrior Wellness Movement,2000,7:04.6,R,Race
2025,406,Scot Morton,52,,GBR,Mersey Rowing Club,2000,7:04.6,R,Race
2025,408,Stephen Harvey,19,"Atlanta, GA",USA,Georgia Tech Rowing Club,2000,7:04.8,R,Race
2025,409,Torbj&ouml;rn Chami,62,,SWE,Rowfit,2000,7:05.0,R,Race
2025,410,David Wright,45,"Atlanta, GA",USA,Lake Lanier Rowing Club,2000,7:05.1,R,Race
2025,411,Rob Cree,54,,GBR,British Rowing,2000,7:05.2,R,Race
2025,411,Joshua Flood,40,,MAS,Wigan Barbarians,2000,7:05.2,R,Race
2025,413,Peter Watson,61,,AUS,,2000,7:05.3,R,Race
2025,414,Oliver Bayes-Shelton,34,,GBR,,2000,7:05.4,R,Race
2025,414,Greg Burchell,67,QLD,AUS,,2000,7:05.4,R,Race
2025,414,Jordan Falcone,45,"Atlanta, GA",USA,,2000,7:05.4,R,Race
2025,417,Shrayes Upadhyayula,20,"Atlanta, GA",USA,Georgia Tech Rowing Club,2000,7:05.5,R,Race
2025,418,Daniel Connor,56,,GBR,Royal Navy,2000,7:05.6,R,Race
2025,419,Francesco Ceribelli,61,,ITA,Eurgym,2000,7:05.8,R,Race
2025,419,Tijs Louwies,36,,USA,"Rochester Rowing Club, Minnesota",2000,7:05.8,R,Race
2025,421,Arnout Kruijer,41,,NED,ROWBOTS,2000,7:05.9,R,Race
2025,422,Hector Smith,27,,GBR,,2000,7:06.0,R,Race
2025,423,Phill Whyte,48,"Ashmore, QLD",AUS,,2000,7:06.1,R,Race
2025,424,Shane Logan,61,,GBR,,2000,7:06.4,R,Race
2025,425,Valerio Maria Bianchi,16,,ITA,Cc Aniene,2000,7:06.5,R,Race
2025,425,Joshua Luff,17,,GBR,1863 Club,2000,7:06.5,R,Race
2025,427,Gareth Kessell,62,,GBR,,2000,7:06.6,R,Race
2025,428,Rob Lawrie,60,,GBR,,2000,7:06.7,R,Race
2025,429,Justin Mumford,50,,GBR,Monkton Bluefriars Boat Club,2000,7:06.9,R,Race
2025,430,Joe Hime,45,,GBR,Yamsquad,2000,7:07.1,R,Race
2025,430,Viktor Kondrashov,38,St. Petersburg,AIN,,2000,7:07.1,R,Race
2025,430,James Ozolins,39,,GBR,Bristol Ariel,2000,7:07.1,R,Race
2025,433,Marco Andreoni,57,,ITA,Italiana Fitness,2000,7:07.2,R,Race
2025,434,Daniel Robinson,44,,GBR,,2000,7:07.4,R,Race
2025,435,Carl Eierle,58,"Atlanta, GA",USA,,2000,7:07.5,R,Race
2025,436,Rebekah Court,21,,GBR,University of Bath,2000,7:07.6,R,Race
2025,436,Mark Schembri,35,,MLT,Siggiewi Rowing Club,2000,7:07.6,R,Race
2025,438,Philip Challinor,47,,GBR,,2000,7:07.7,R,Race
2025,439,Ryan Minty,28,,GBR,Rowfit,2000,7:07.9,R,Race
2025,440,Michael Maclaren,58,,GBR,Fitness Matters,2000,7:08.0,R,Race
2025,441,Rachael Mcilwraith,32,,GBR,Army Indoor Rowing Team,2000,7:08.3,R,Race
2025,442,Ryan Brown,47,"SANCTUARY POINT, NSW",AUS,,2000,7:08.4,R,Race
2025,443,Joppe Kietselaer,15,,USA,"Rochester Rowing Club, Minnesota",2000,7:08.5,R,Race
2025,443,John Walsh,56,,GBR,Sub7,2000,7:08.5,R,Race
2025,445,Philip Shaw,67,,AUS,,2000,7:08.6,R,Race
2025,446,Freddie Fielding,16,,GBR,RGS Worcester,2000,7:08.8,R,Race
2025,446,Jeremy Martin,74,,GBR,The Diamonds (Over Sixties Erging Group),2000,7:08.8,R,Race
2025,448,Mario Ryder,46,QLD,AUS,,2000,7:08.9,R,Race
2025,449,Richard Greaves,52,,GBR,Gym Mostyn,2000,7:09.0,R,Race
2025,450,Mike Frost,61,,GBR,,2000,7:09.1,R,Race
2025,451,Lance Anelay,53,,GBR,Langstone Pilot Gig Club,2000,7:09.2,R,Race
2025,451,Guido Bonanomi,59,,ITA,Dlf Chiusi,2000,7:09.2,R,Race
2025,453,Tiziano Braconcini,40,,ITA,Asd Master Functional,2000,7:09.3,R,Race
2025,453,George Perrin,72,,AUS,,2000,7:09.3,R,Race
2025,455,Odin Milbury,22,,USA,St. Olaf Rowing Club,2000,7:09.4,R,Race
2025,455,Garic Taylor,55,,GBR,FBC HARROGATE,2000,7:09.4,R,Race
2025,457,Ben Watson,21,,GBR,Dmurc,2000,7:09.6,R,Race
2025,458,John Beecroft,54,,GBR,,2000,7:09.7,R,Race
2025,458,Massimiliano Celletti,54,,ITA,Roman Sport City,2000,7:09.7,R,Race
2025,460,Daniel Baker,38,QLD,AUS,,2000,7:09.8,R,Race
2025,460,Peter Raftery,52,QLD,AUS,,2000,7:09.8,R,Race
2025,462,Tim George,50,"South Arm, NSW",AUS,,2000,7:10.2,R,Race
2025,462,Simon Jacobs,37,,GBR,,2000,7:10.2,R,Race
2025,462,Daniel M. Lynch,62,"Atlanta, GA",USA,SUB 7 Indoor Rowing Club,2000,7:10.2,R,Race
2025,462,Mark Repton,63,,GBR,Evesham Rowing Club,2000,7:10.2,R,Race
2025,466,Eliott Papantoniou,57,"Karabar, NSW",AUS,,2000,7:10.3,R,Race
2025,467,Ryan Goembel,16,"Atlanta, GA",USA,Row Georgia,2000,7:10.4,R,Race
2025,467,Sam Mischewski,30,ACT,AUS,,2000,7:10.4,R,Race
2025,467,Domenico Poli,64,,ITA,Italian Defence Academy,2000,7:10.4,R,Race
2025,467,Amy Renwick,37,,GBR,,2000,7:10.4,R,Race
2025,467,Ben Robson,57,,GBR,Monaco,2000,7:10.4,R,Race
2025,472,John Carson,39,,GBR,Army Indoor Rowing Team,2000,7:10.5,R,Race
2025,473,Mark Yates,43,,GBR,215 MMR,2000,7:10.6,R,Race
2025,474,Miles Hooper,18,"Atlanta, GA",USA,Row Georgia,2000,7:10.7,R,Race
2025,475,Joely Patterson,23,Fremantle,AUS,West Australian Rowing Club,2000,7:10.8,R,Race
2025,476,Christian Cammisa,29,,ITA,Italian Defence Academy,2000,7:11.0,R,Race
2025,477,Ian Jamieson,66,,GBR,,2000,7:11.1,R,Race
2025,478,Sebastian Nivon Galvez,19,"Atlanta, GA",USA,Berry College Viking Crew,2000,7:11.2,R,Race
2025,479,Zoe Labdon,22,,GBR,City of Oxford Rowing Club,2000,7:11.3,R,Race
2025,480,Fred Kendall,17,,GBR,Gorse Academy,2000,7:11.9,R,Race
2025,480,Claudio Maletta,35,,ITA,Cc Roma,2000,7:11.9,R,Race
2025,480,David Wenig,15,"Atlanta, GA",USA,Lake Lanier Rowing Club,2000,7:11.9,R,Race
2025,483,Matteo Firmo,41,,ITA,Italian Defence Academy,2000,7:12.0,R,Race
2025,484,Darren Morris,49,,GBR,,2000,7:12.1,R,Race
2025,485,Grace Jane,17,,GBR,Hartpury University and College Boat Club,2000,7:12.3,R,Race
2025,486,Peter Sanger,70,"Ulverstone, TAS",AUS,,2000,7:12.6,R,Race
2025,486,Shrish Shetty,21,"Atlanta, GA",USA,Georgia Tech Rowing Club,2000,7:12.6,R,Race
2025,486,David Whale,57,,GBR,Forum Flyers,2000,7:12.6,R,Race
2025,489,Nikki Ayers,33,,AUS,,2000,7:12.8,R,Race
2025,489,Preston Murphy,16,"Atlanta, GA",USA,Lake Lanier Rowing Club,2000,7:12.8,R,Race
2025,491,Hal Brierley-Lister,17,,GBR,Agecroft Rowing Club,2000,7:12.9,R,Race
2025,492,Ethan Gold,16,,USA,Long Lake Rowing Crew,2000,7:13.0,R,Race
2025,492,Samuel Rivers,19,"Atlanta, GA",USA,Berry College Viking Crew,2000,7:13.0,R,Race
2025,494,Sophie Connolly,34,,GBR,Commercial Rowing Club,2000,7:13.1,R,Race
2025,495,Adam Morgan,45,"Atlanta, GA",USA,,2000,7:13.2,R,Race
2025,496,John Leard,64,"Barrack Point, NSW",AUS,,2000,7:13.5,R,Race
2025,497,Sally Brierley,43,,GBR,Red Line Rowers,2000,7:13.6,R,Race
2025,498,Caitlin Mccabe,24,,GBR,Broxbourne Rowing Club,2000,7:13.8,R,Race
2025,498,Aleramo Niccolini,16,,ITA,R.C.C. Tevere Remo,2000,7:13.8,R,Race
2025,500,Stuart Harris,55,,GBR,CrossFit Kernow,2000,7:14.0,R,Race
2025,500,Jacob Mansfield,18,"Atlanta, GA",USA,"Augusta Rowing Club, Inc.",2000,7:14.0,R,Race
2025,502,Phil Brass,54,"Atlanta, GA",USA,"Atlanta Rowing Club, Inc.",2000,7:14.1,R,Race
2025,502,Nicola Jones,39,,AUS,,2000,7:14.1,R,Race
2025,504,Alexander Kranias,21,"Atlanta, GA",USA,Georgia Tech Rowing Club,2000,7:14.2,R,Race
2025,505,George Perrin,72,,GBR,Runcorn,2000,7:14.5,R,Race
2025,506,Tony Nash,54,,GBR,,2000,7:14.6,R,Race
2025,507,Charlotte Pollecutt-Gray,28,,GBR,Auriol Kensington Rowing Club,2000,7:14.8,R,Race
2025,508,Umberto Bellia,15,,ITA,R.C.C. Tevere Remo,2000,7:14.9,R,Race
2025,508,Jacqueline Rees,42,"Tuan, QLD",AUS,Aussie Roos,2000,7:14.9,R,Race
2025,508,Jackie Rees,42,QLD,AUS,,2000,7:14.9,R,Race
2025,511,Lucy Crundwell,36,,GBR,Dominus CrossFit  and Red Line Rowers,2000,7:15.0,R,Race
2025,512,Sean Madden,42,"Atlanta, GA",USA,,2000,7:15.3,R,Race
2025,512,Luke Styles,51,"One Mile, QLD",AUS,,2000,7:15.3,R,Race
2025,514,Diego Virgili,15,,ITA,R.C.C. Tevere Remo,2000,7:15.4,R,Race
2025,515,Gianluigi De Benedetto,36,,ITA,Roman Sport City,2000,7:15.5,R,Race
2025,515,Albert Thompson,28,,GBR,,2000,7:15.5,R,Race
2025,517,Alyssa Basinger,21,,GBR,,2000,7:15.6,R,Race
2025,517,Joseph Brutton,52,,GBR,Trent Rowing Club,2000,7:15.6,R,Race
2025,519,Alex Friedle,18,,USA,"Rochester Rowing Club, Minnesota",2000,7:15.8,R,Race
2025,520,Pippa Biggs,26,,GBR,City of Oxford Rowing Club,2000,7:15.9,R,Race
2025,520,Ella Fullman,19,,GBR,Bath University Boat Club,2000,7:15.9,R,Race
2025,520,Richard Potter,33,,GBR,FM Rowing,2000,7:15.9,R,Race
2025,520,Ben Urch,20,"Atlanta, GA",USA,Auburn University Rowing Club,2000,7:15.9,R,Race
2025,524,Ivan Buttarazzi,37,,ITA,Roman Sport City,2000,7:16.0,R,Race
2025,524,Glenn Henriksen,58,,AUS,,2000,7:16.0,R,Race
2025,524,Jose Rabena,15,,ITA,Cc Roma,2000,7:16.0,R,Race
2025,527,Roberto Rizzato,60,,ITA,Roman Sport City,2000,7:16.1,R,Race
2025,528,Antonio Lombardi,62,,ITA,Heaven,2000,7:16.5,R,Race
2025,529,Lois Smith,33,,GBR,AOD Fitness,2000,7:16.8,R,Race
2025,530,Nicola Graf Von Rex,56,,ITA,Heaven,2000,7:16.9,R,Race
2025,531,Andrew Curry,52,,GBR,Asensai,2000,7:17.2,R,Race
2025,532,Sofie Blahova,26,,SWE,,2000,7:17.5,R,Race
2025,532,Darcie Nash,20,,GBR,University of Birmingham,2000,7:17.5,R,Race
2025,534,Richard Pullan,51,,GBR,Cotswold Sporting Club,2000,7:17.8,R,Race
2025,534,Giancarlo Rossi,60,,AUS,,2000,7:17.8,R,Race
2025,534,Cade Sivil,16,,GBR,Northampton School for Boys,2000,7:17.8,R,Race
2025,537,Liam O&#039;Brien,17,"Atlanta, GA",USA,"Augusta Rowing Club, Inc.",2000,7:18.0,R,Race
2025,538,Imy Bantick,23,,GBR,City of Oxford Rowing Club,2000,7:18.1,R,Race
2025,538,Lara Robinson,23,,GBR,City of Oxford Rowing Club,2000,7:18.1,R,Race
2025,540,Rod Stewart,74,,AUS,Upper Thames Rowing Club,2000,7:18.2,R,Race
2025,541,Will Selkey,21,,USA,St. Olaf Rowing Club,2000,7:18.3,R,Race
2025,542,Mark Hutchison,48,"Burnaby, BC",CAN,Deep Cove Rowing Club,2000,7:18.5,R,Race
2025,543,Antonio Cariello,46,,ITA,Trevignano Rowing,2000,7:18.6,R,Race
2025,544,John Reilly,15,"Atlanta, GA",USA,Row Georgia,2000,7:18.7,R,Race
2025,544,Nigel Silk,55,,GBR,Warrior Wellness Movement,2000,7:18.7,R,Race
2025,546,Daniella Raguckaite,16,,GBR,Hartpury University and College Boat Club,2000,7:18.8,R,Race
2025,547,William Dwyer,19,"Atlanta, GA",USA,Georgia Tech Rowing Club,2000,7:18.9,R,Race
2025,548,Marc (Ro) Knighton,47,,GBR,PCRC,2000,7:19.1,R,Race
2025,549,Domenico Paolo Allegrini,41,,ITA,Sport Life,2000,7:19.2,R,Race
2025,550,Daniel Delfini,50,,ITA,Italiana Fitness,2000,7:19.3,R,Race
2025,550,Mark Gray,47,,GBR,Henley Rowing Club,2000,7:19.3,R,Race
2025,552,Mark Robinson,50,,GBR,Goat Fitness,2000,7:19.6,R,Race
2025,552,Richard Thorn,65,,GBR,,2000,7:19.6,R,Race
2025,552,Michael Tracey,51,,GBR,Mike Tracey,2000,7:19.6,R,Race
2025,555,Nardia Guillaumier,47,"Kiama Downs, NSW",AUS,,2000,7:19.7,R,Race
2025,555,Kurt Vergunst,23,,USA,"Rochester Rowing Club, Minnesota",2000,7:19.7,R,Race
2025,557,Andrew Scott,53,,GBR,Seal Personal Training,2000,7:19.8,R,Race
2025,558,Janie Doyle,32,,GBR,Rwyfo dan so gogledd cymru,2000,7:20.0,R,Race
2025,558,Lee Swann-Beverland,51,,GBR,Bann Rowing Club,2000,7:20.0,R,Race
2025,560,Giuseppe Di Marco,51,,ITA,Rowing Team Catania,2000,7:20.2,R,Race
2025,561,James Mcclenaghan,71,,GBR,Llandaff Rowing Club/KGSVBC,2000,7:20.3,R,Race
2025,561,William Sutter,23,,USA,St. Cloud State University Crew,2000,7:20.3,R,Race
2025,563,Richard Sampson,22,,GBR,,2000,7:20.5,R,Race
2025,564,Mark Moran,55,,GBR,,2000,7:20.6,R,Race
2025,565,Daniel Pearce,18,,GBR,,2000,7:20.7,R,Race
2025,565,Gabriel Phillips Rusenieks,16,,GBR,Avon County Rowing Club,2000,7:20.7,R,Race
2025,565,Brad White,52,QLD,AUS,,2000,7:20.7,R,Race
2025,568,Ali Hegazi,22,"Atlanta, GA",USA,Georgia Tech Rowing Club,2000,7:20.8,R,Race
2025,568,Leanne Xuereb Ungaro,30,,GBR,Siggiewi Rowing Club -Malta,2000,7:20.8,R,Race
2025,570,Joseph Passetti,18,"Atlanta, GA",USA,Auburn University Rowing Club,2000,7:21.0,R,Race
2025,570,Rohan Yethiraj,21,"Atlanta, GA",USA,Georgia Tech Rowing Club,2000,7:21.0,R,Race
2025,572,Thea Adamson,31,Fremantle,AUS,UWA Boat Club,2000,7:21.2,R,Race
2025,572,Andrew Brezicha,43,"Atlanta, GA",USA,FitWit,2000,7:21.2,R,Race
2025,572,Chris DesAutels,50,"Medford, MA",USA,Gentle Giant Rowing Club,2000,7:21.2,R,Race
2025,575,Logan Doyle,16,"Atlanta, GA",USA,Row Georgia,2000,7:21.3,R,Race
2025,576,Anthony Walpole,56,,GBR,Fitness Matters IRC,2000,7:21.5,R,Race
2025,577,Leanne Xuereb Ungaro,30,,MLT,Siggiewi Rowing Club,2000,7:21.7,R,Race
2025,578,John Gleeson,47,,GBR,Dec Kelly rowfit,2000,7:21.8,R,Race
2025,578,Simon Pryor,19,,USA,St. Olaf Rowing Club,2000,7:21.8,R,Race
2025,580,Freya Ridge,20,,GBR,University of Bath,2000,7:22.1,R,Race
2025,581,Simon Harris,49,,GBR,,2000,7:22.3,R,Race
2025,581,Adam Livas,38,QLD,AUS,,2000,7:22.3,R,Race
2025,583,Adam Wood,45,,GBR,Derby,2000,7:22.5,R,Race
2025,584,Albie Wakley,18,,GBR,Dorney BC,2000,7:22.7,R,Race
2025,585,Olive Lanyon,16,,AUS,,2000,7:22.8,R,Race
2025,586,Seren Page,17,,GBR,Nottingham Rowing Club,2000,7:23.1,R,Race
2025,587,Brant Taylor,66,,GBR,,2000,7:23.3,R,Race
2025,588,Stephen Carpenter,60,,GBR,,2000,7:23.4,R,Race
2025,588,Jason Hebblethwaite,35,,GBR,,2000,7:23.4,R,Race
2025,590,Chris Young,47,VIC,AUS,,2000,7:23.5,R,Race
2025,591,Tim Nelson,66,,GBR,Evesham Rowing Club,2000,7:23.6,R,Race
2025,592,Edward Moharich,16,Fremantle,AUS,Swan River Rowing Club,2000,7:23.7,R,Race
2025,593,Connor De Curtis,22,,GBR,Lions RC,2000,7:23.8,R,Race
2025,594,Stephen Perkins,61,"Atlanta, GA",USA,Fitness Matters Indoor Rowing,2000,7:23.9,R,Race
2025,595,Tatum Lubinski,20,,USA,St. Olaf Rowing Club,2000,7:24.2,R,Race
2025,595,Francisco Valentinotti,18,"Atlanta, GA",USA,Georgia Tech Rowing Club,2000,7:24.2,R,Race
2025,597,Mike Robinson,65,,GBR,Gym Mostyn / Diamonds Over Sixties,2000,7:24.3,R,Race
2025,598,Daniele Aquiri,15,,ITA,Cc Aniene,2000,7:24.5,R,Race
2025,599,Giancarlo Rossi,60,,GBR,Prosport Trento,2000,7:24.9,R,Race
2025,600,Charlotte James,49,,GBR,,2000,7:25.0,R,Race
2025,601,Olivia Hodgson,17,,GBR,RGS Worcester,2000,7:25.2,R,Race
2025,601,Carl Leather,41,,GBR,Crossfit Penybont,2000,7:25.2,R,Race
2025,603,Shawn Mcmahon,62,"Bend, OR",USA,,2000,7:25.5,R,Race
2025,604,Emma O&#039;Neill,18,Fremantle,AUS,Fremantle Rowing Club,2000,7:25.7,R,Race
2025,605,Kirsty Joisce,51,,GBR,Southampton Coalporters,2000,7:26.1,R,Race
2025,606,Charlotte Hansen-Knarhoi,16,Fremantle,AUS,Fremantle Rowing Club,2000,7:26.4,R,Race
2025,607,Ryan Brinson,36,"Atlanta, GA",USA,,2000,7:26.5,R,Race
2025,607,Chris Hewitt,63,QLD,AUS,,2000,7:26.5,R,Race
2025,609,Ryan Bernhard,15,"Atlanta, GA",USA,Allatoona Rowing Association,2000,7:26.6,R,Race
2025,609,Daniel Pearce,18,,GBR,Gloucester Rowing Club,2000,7:26.6,R,Race
2025,611,Eleanor Collingwood,22,,GBR,,2000,7:26.9,R,Race
2025,611,Simone D&#039;Ambrosio,15,,ITA,Cc Aniene,2000,7:26.9,R,Race
2025,613,Henry Wischusen,72,"Atlanta, GA",USA,,2000,7:27.1,R,Race
2025,614,Christopher Hackley,65,,GBR,The Diamonds (Over Sixties Erging Group),2000,7:27.2,R,Race
2025,614,Becky Rogers,41,"Atlanta, GA",USA,,2000,7:27.2,R,Race
2025,616,Amy Adderley,40,,GBR,Marlborough CrossFit,2000,7:27.3,R,Race
2025,616,Richard Cooper,55,,GBR,,2000,7:27.3,R,Race
2025,616,Abbey Holm,16,,USA,"Rochester Rowing Club, Minnesota",2000,7:27.3,R,Race
2025,616,Alice Macready,18,,AUS,,2000,7:27.3,R,Race
2025,620,Kishan Chauhan,32,,GBR,Seal Personal Training,2000,7:27.5,R,Race
2025,620,Shannon Nordquist,43,"Atlanta, GA",USA,,2000,7:27.5,R,Race
2025,622,Francesco Perconti,47,,ITA,Trevignano Rowing,2000,7:27.7,R,Race
2025,623,Roberto Marazza,54,,ITA,Fantarow,2000,7:27.8,R,Race
2025,623,Paul Tredgett,36,,GBR,,2000,7:27.8,R,Race
2025,625,Simon Webb,46,,GBR,,2000,7:27.9,R,Race
2025,626,Jorma Lehtinen,76,,FIN,,2000,7:28.0,R,Race
2025,626,Lee Matejek,17,"Atlanta, GA",USA,Allatoona Rowing Association,2000,7:28.0,R,Race
2025,628,Kia Taylor,48,"Atlanta, GA",USA,,2000,7:28.1,R,Race
2025,629,Nick Bates,62,,GBR,Reading Rowing Club,2000,7:28.2,R,Race
2025,630,Anna Harvey,39,,SVK,Worcester Rowing Club,2000,7:28.4,R,Race
2025,630,Matilda Hudson-Hulls,16,,GBR,Hartpury University and College Boat Club,2000,7:28.4,R,Race
2025,630,Grigorios Papadopoulos,59,,GRE,The Scullers,2000,7:28.4,R,Race
2025,630,Roland Rebek,37,,HUN,Hastings Rowing club,2000,7:28.4,R,Race
2025,634,Adrian Walker,61,,GBR,Royal Navy,2000,7:28.5,R,Race
2025,635,Josh Worsley,19,,GBR,Lions RC,2000,7:28.6,R,Race
2025,636,Beatrice Hughes,18,,GBR,CrewBath,2000,7:28.8,R,Race
2025,636,Mingkuan Yan,20,"Atlanta, GA",USA,Georgia Tech Rowing Club,2000,7:28.8,R,Race
2025,638,Lindsay Jordison,62,"Evatt, ACT",AUS,,2000,7:28.9,R,Race
2025,638,Penina Kahtan,31,,GBR,,2000,7:28.9,R,Race
2025,640,Isabella Edinger,19,Fremantle,AUS,Swan River Rowing Club,2000,7:29.0,R,Race
2025,640,Mariachiara Micaelli,33,,ITA,Roman Sport City,2000,7:29.0,R,Race
2025,640,David Newman,62,,GBR,The Diamonds (Over Sixties Erging Group),2000,7:29.0,R,Race
2025,643,Sarita Kristina Hansen,36,,NOR,Sub 7 Indoor Rowing Club,2000,7:29.2,R,Race
2025,644,Mario Castorina,57,,ITA,Fantarow,2000,7:29.3,R,Race
2025,644,David Howell,26,,GBR,,2000,7:29.3,R,Race
2025,644,Joyce Zhang,22,"Atlanta, GA",USA,Emory Crew,2000,7:29.3,R,Race
2025,647,Piervincenzo Coppola,26,,ITA,Heaven,2000,7:29.4,R,Race
2025,648,Spyros Marinos Kouris,47,,GBR,Blade rowers Indoor Rowing Club,2000,7:29.7,R,Race
2025,649,Jacob Hoogendyk,20,"Atlanta, GA",USA,Berry College Viking Crew,2000,7:29.8,R,Race
2025,650,Chris Chapman,55,,GBR,,2000,7:30.0,R,Race
2025,651,Milos Hunek,66,,CZE,SK Hamr,2000,7:30.1,R,Race
2025,651,Aidan Shepherd Garcia,17,,GBR,Dorney BC,2000,7:30.1,R,Race
2025,651,Wesley Turnseck-James,15,Fremantle,AUS,Swan River Rowing Club,2000,7:30.1,R,Race
2025,654,Fulvio Godina,66,"Mentone, VIC",AUS,,2000,7:30.2,R,Race
2025,654,Thomas Hunt,18,"Atlanta, GA",USA,Row Georgia,2000,7:30.2,R,Race
2025,656,Connor Bradbury,27,,GBR,Lions RC,2000,7:30.3,R,Race
2025,656,Tim Roberts,68,,GBR,,2000,7:30.3,R,Race
2025,656,Michael Winn,69,,GBR,Diamonds,2000,7:30.3,R,Race
2025,659,Jacob Bachman,17,"Atlanta, GA",USA,Lake Lanier Rowing Club,2000,7:30.4,R,Race
2025,659,Shor Renyard,41,,GBR,Hexham Rowing Club,2000,7:30.4,R,Race
2025,661,Rodney Lloyd,50,"Yamba, NSW",AUS,,2000,7:30.6,R,Race
2025,661,Daisy Parker,18,,GBR,University of York Boat Club,2000,7:30.6,R,Race
2025,663,Giorgio Cal&ograve;,64,,ITA,Cc Roma,2000,7:30.8,R,Race
2025,663,Charlotte Harrison,33,,GBR,,2000,7:30.8,R,Race
2025,663,Giancarlo Rossi,60,,ITA,A.S.D. Prosport,2000,7:30.8,R,Race
2025,663,Peter Summers,75,,GBR,,2000,7:30.8,R,Race
2025,667,Linda Carruthers,54,,GBR,St Andrew boat club,2000,7:30.9,R,Race
2025,667,Stephanie Corcoran,44,,IRL,RS,2000,7:30.9,R,Race
2025,667,Justine Reston,55,,GBR,Fitness Matters,2000,7:30.9,R,Race
2025,670,Alessandro Arnoldi,57,,ITA,Canottieri Tritium,2000,7:31.0,R,Race
2025,670,Stuart Clark,49,"Pacific Pines, QLD",AUS,,2000,7:31.0,R,Race
2025,670,Filippo Giuliani De Santis,14,,ITA,Cc Aniene,2000,7:31.0,R,Race
2025,670,Michael Smith,65,"Atlanta, GA",USA,,2000,7:31.0,R,Race
2025,674,Caron Jones,33,,GBR,,2000,7:31.1,R,Race
2025,675,Theo Hart,16,,GBR,Gorse Academy,2000,7:31.6,R,Race
2025,676,Elliot Day,18,"Atlanta, GA",USA,Georgia Tech Rowing Club,2000,7:31.7,R,Race
2025,676,Greg Matthews,56,,GBR,,2000,7:31.7,R,Race
2025,678,Pierce Hunt,16,"Atlanta, GA",USA,Row Georgia,2000,7:32.2,R,Race
2025,678,Nate Steinrueck,34,"Atlanta, GA",USA,,2000,7:32.2,R,Race
2025,680,Daria Manetta,20,,ITA,Futura Crossfit,2000,7:32.3,R,Race
2025,681,Luke Devoy,47,"Cromer, NSW",AUS,,2000,7:32.5,R,Race
2025,681,Alina Dumas,32,,ITA,"G.S. Vvf ""Ravalico"" Trieste - Pinheiros Sao Paulo",2000,7:32.5,R,Race
2025,683,Ben Farmer,16,"Atlanta, GA",USA,Row Georgia,2000,7:32.6,R,Race
2025,683,Kaleb Sweatt,17,"Atlanta, GA",USA,Row Georgia,2000,7:32.6,R,Race
2025,685,Nuala Holland,17,Fremantle,AUS,Fremantle Rowing Club,2000,7:32.7,R,Race
2025,686,Colette Kriegel,16,"Atlanta, GA",USA,"Augusta Rowing Club, Inc.",2000,7:32.8,R,Race
2025,687,Chris Cash,39,"Atlanta, GA",USA,,2000,7:33.2,R,Race
2025,687,Leo Johnston,33,QLD,AUS,,2000,7:33.2,R,Race
2025,689,Janelle Austin,41,,AUS,,2000,7:33.3,R,Race
2025,689,Martin Chadwick,59,QLD,AUS,,2000,7:33.3,R,Race
2025,689,Brad Hill,63,QLD,AUS,,2000,7:33.3,R,Race
2025,689,Angela Johnson,14,"Atlanta, GA",USA,St. Andrew Rowing Club,2000,7:33.3,R,Race
2025,693,Nigel Hierons,60,,GBR,Mallory Club,2000,7:33.4,R,Race
2025,693,Armando Siragusa,55,,ITA,Nessuna,2000,7:33.4,R,Race
2025,695,Aidan Hunt,16,"Atlanta, GA",USA,Allatoona Rowing Association,2000,7:33.5,R,Race
2025,695,David Williams,68,,GBR,Gym Mosstyn,2000,7:33.5,R,Race
2025,697,Ashley Lapidge,36,,GBR,ALFITNESS,2000,7:33.7,R,Race
2025,698,Nic Brewer,55,,GBR,Brackley Leisure,2000,7:33.8,R,Race
2025,699,Ella Oldland,21,,GBR,University of Birmingham,2000,7:34.0,R,Race
2025,700,Kelly Morshead,35,,GBR,,2000,7:34.1,R,Race
2025,700,Pearce Phillips,57,,GBR,Didcot Runners,2000,7:34.1,R,Race
2025,702,Jeffrey Gordon,31,"Atlanta, GA",USA,Allatoona Rowing Association,2000,7:34.2,R,Race
2025,702,Francesco Venuti,59,,ITA,Sportivamenteinsieme Asd,2000,7:34.2,R,Race
2025,704,Gregory Taylor,33,,GBR,,2000,7:34.4,R,Race
2025,705,Greyson Clearie,16,"Atlanta, GA",USA,Row Georgia,2000,7:34.5,R,Race
2025,706,Lucy Renshall,28,,GBR,,2000,7:34.8,R,Race
2025,706,Bonnie Tratt,56,,AUS,,2000,7:34.8,R,Race
2025,708,Danielle Brook,26,,GBR,Royal Navy,2000,7:35.1,R,Race
2025,708,Christian Heidl,45,Garching,GER,GERMAN Rowers and FRIENDS United,2000,7:35.1,R,Race
2025,710,Danilo Marchetti,54,,ITA,Rowing club Varese,2000,7:35.2,R,Race
2025,711,Mark Ohanlon,56,,GBR,Gym Mostyn,2000,7:35.4,R,Race
2025,712,Giacomo Perini,28,,ITA,Cc Aniene,2000,7:35.6,R,Race
2025,713,Julia Fabrizi,60,,GBR,Christchurch,2000,7:35.7,R,Race
2025,713,Federico Tiberi,60,,ITA,Cc Roma,2000,7:35.7,R,Race
2025,715,Andrew Hariton,56,"Atlanta, GA",USA,"Atlanta Rowing Club, Inc.",2000,7:35.8,R,Race
2025,716,Patrick Pritchard,16,"Atlanta, GA",USA,"Augusta Rowing Club, Inc.",2000,7:36.0,R,Race
2025,717,Massimo Iaccarini,67,,ITA,Cc Roma,2000,7:36.4,R,Race
2025,718,Bianca Fewings,20,Fremantle,AUS,UWA Boat Club,2000,7:36.5,R,Race
2025,719,Sean Grimmond,36,SA,AUS,,2000,7:36.6,R,Race
2025,720,Gavin Christie,62,ACT,AUS,,2000,7:36.7,R,Race
2025,720,Daniel Drage,37,,GBR,Wally Challenge Rowing Club,2000,7:36.7,R,Race
2025,720,Marco Raspa,49,,ITA,Roman Sport City,2000,7:36.7,R,Race
2025,720,Isotta Rigazzi,21,,ITA,R.C.C. Tevere Remo,2000,7:36.7,R,Race
2025,724,Michael Azzopardi,24,,MLT,University of Mata Rowing Club,2000,7:37.0,R,Race
2025,725,Samantha Deykin,22,Fremantle,AUS,UWA Boat Club,2000,7:37.1,R,Race
2025,726,Giuseppe Li Zunni,63,,ITA,Cc 3Ponti,2000,7:37.3,R,Race
2025,727,Mark Marriott,46,VIC,AUS,,2000,7:37.5,R,Race
2025,728,Felicity Howes,39,,GBR,,2000,7:37.6,R,Race
2025,728,William Oliver,18,"Atlanta, GA",USA,Berry College Viking Crew,2000,7:37.6,R,Race
2025,730,Luca D&#039;Ambrosio,15,,ITA,Cc Aniene,2000,7:37.8,R,Race
2025,730,Samantha Fallon,21,"Atlanta, GA",USA,"The Rowing Team at the University of Georgia, Inc.",2000,7:37.8,R,Race
2025,730,Graham Moore,60,,GBR,Mallory RC,2000,7:37.8,R,Race
2025,730,Robert Ross,65,,AUS,,2000,7:37.8,R,Race
2025,734,Carson Lawler,20,"Atlanta, GA",USA,Georgia Tech Rowing Club,2000,7:37.9,R,Race
2025,734,Carys Webster,34,,GBR,,2000,7:37.9,R,Race
2025,736,Desi Gillespie,33,,GBR,Holistic Strength Coaching,2000,7:38.1,R,Race
2025,736,Olivia Hansen-Knarhoi,14,Fremantle,AUS,Fremantle Rowing Club,2000,7:38.1,R,Race
2025,738,Lillian Dramsdahl,51,,NOR,Skullerud Sportsklubb roing,2000,7:38.2,R,Race
2025,738,Tony Shannon,71,"Bundall, QLD",AUS,,2000,7:38.2,R,Race
2025,740,Maurizio Mancini,64,,ITA,Heaven,2000,7:38.3,R,Race
2025,740,Castore Parissi,55,,ITA,Trevignano Rowing,2000,7:38.3,R,Race
2025,740,Graham Stiles,15,"Atlanta, GA",USA,Allatoona Rowing Association,2000,7:38.3,R,Race
2025,743,Graham Rainey,45,,GBR,,2000,7:38.4,R,Race
2025,744,Andy Johnson,60,,GBR,,2000,7:38.5,R,Race
2025,744,Andy Osborn,69,,GBR,Diamonds,2000,7:38.5,R,Race
2025,746,Jenny Bell,59,"HAWTHORNE, QLD",AUS,,2000,7:38.6,R,Race
2025,746,Peter Wilson,55,,GBR,Worcester Rowing Club,2000,7:38.6,R,Race
2025,748,Tony Blake,61,"Merewether, NSW",AUS,Lake Macquarie Rowing Club,2000,7:38.8,R,Race
2025,749,Gabriella Panguito,19,"Atlanta, GA",USA,"The Rowing Team at the University of Georgia, Inc.",2000,7:39.0,R,Race
2025,749,Hal Schenck,61,"Atlanta, GA",USA,Auburn University Rowing Club,2000,7:39.0,R,Race
2025,749,Chris Whale,54,,GBR,Forum Flyers,2000,7:39.0,R,Race
2025,752,Jillian Tovey,33,,GBR,Army Indoor Rowing Team,2000,7:39.1,R,Race
2025,753,Damon Cripps,54,,GBR,Worcester Athletics Club,2000,7:39.2,R,Race
2025,753,William Mulder,20,"Atlanta, GA",USA,Georgia Tech Rowing Club,2000,7:39.2,R,Race
2025,755,Krish Asknani,20,"Atlanta, GA",USA,Georgia Tech Rowing Club,2000,7:39.4,R,Race
2025,755,Shane Hegarty,63,"Tinbeerwah, QLD",AUS,,2000,7:39.4,R,Race
2025,757,Katie Bird,28,,GBR,,2000,7:39.5,R,Race
2025,757,Deon Moss,50,Fremantle,AUS,,2000,7:39.5,R,Race
2025,757,Paul Winton,68,,GBR,Royal Navy,2000,7:39.5,R,Race
2025,760,Max Haddock,18,,GBR,Reading University Boat Club,2000,7:40.0,R,Race
2025,761,Deniz Remberg,33,,GER,,2000,7:40.1,R,Race
2025,762,Elizabeth Hannigan,60,"Melbourne, VIC",AUS,Australian Army,2000,7:40.4,R,Race
2025,762,Jane Robinson,54,,AUS,,2000,7:40.4,R,Race
2025,764,Daniel Drabinski,48,"Dallas, TX",USA,Dallas Rowing Club,2000,7:40.6,R,Race
2025,765,Elio Piccininno,20,,ITA,Circolo Canottieri Irno,2000,7:40.7,R,Race
2025,765,Josephine Washnieski,18,,USA,"Rochester Rowing Club, Minnesota",2000,7:40.7,R,Race
2025,767,Elliot Miller,15,,USA,Des Moines Rowing Club,2000,7:40.8,R,Race
2025,768,Simon Rock,60,"NEW LAMBTON, NSW",AUS,,2000,7:41.0,R,Race
2025,769,Leon Coad,58,"Burpengary, QLD",AUS,,2000,7:41.1,R,Race
2025,769,Ava Myler,20,Fremantle,AUS,UWA Boat Club,2000,7:41.1,R,Race
2025,771,Marco Guidaldi,67,,ITA,Cc 3Ponti,2000,7:41.2,R,Race
2025,772,Daniele Gattari,26,,ITA,Cc 3Ponti,2000,7:41.4,R,Race
2025,773,Chloe White,27,,AUS,,2000,7:41.7,R,Race
2025,774,Alessandro Blasi,60,,ITA,Rowing4Us-Raex,2000,7:41.9,R,Race
2025,775,Felicity Howes,39,,GBR,Monmouth Rowing Club,2000,7:42.0,R,Race
2025,775,Maia Hyland,20,,GBR,University of Birmingham,2000,7:42.0,R,Race
2025,777,David Buller,57,Fremantle,AUS,Casey Station Antarctica,2000,7:42.2,R,Race
2025,777,Anna Girotto,44,,ITA,Canottieri San Cristoforo,2000,7:42.2,R,Race
2025,779,Peter Beare,74,"Albert Park, SA",AUS,,2000,7:42.3,R,Race
2025,780,Will Reed,40,"Atlanta, GA",USA,,2000,7:42.4,R,Race
2025,781,Andrew Harris,63,"BOTANY, NSW",AUS,,2000,7:42.7,R,Race
2025,781,Salvatore Mirabile,55,,ITA,Rowing Team Catania,2000,7:42.7,R,Race
2025,781,James Royster,56,"Atlanta, GA",USA,,2000,7:42.7,R,Race
2025,781,Jenny Taylor,57,,GBR,Wallingford and Oxford Alumnae,2000,7:42.7,R,Race
2025,785,Robert J. Jacobson,65,"Atlanta, GA",USA,,2000,7:42.8,R,Race
2025,786,Alex Cummings,33,,GBR,,2000,7:43.1,R,Race
2025,786,Anthony McLeod,57,ACT,AUS,,2000,7:43.1,R,Race
2025,788,Garry Aitchison,79,Waikanae,NZL,,2000,7:43.6,R,Race
2025,788,Giorgio Giombini,14,,ITA,Cc Aniene,2000,7:43.6,R,Race
2025,788,Adam Kęs,40,,GBR,,2000,7:43.6,R,Race
2025,791,John Pritchard,60,,GBR,Gloucester Rowing Club,2000,7:43.7,R,Race
2025,792,Marco Manfredi,48,,ITA,Cc Roma,2000,7:43.8,R,Race
2025,792,Hazel Wake,24,,GBR,City of Oxford Rowing Club,2000,7:43.8,R,Race
2025,794,Nigel Finney,71,,AUS,,2000,7:44.0,R,Race
2025,794,Kevin Martin,60,"Camira, QLD",AUS,,2000,7:44.0,R,Race
2025,796,Hannah Lodder Rodda,48,,GBR,,2000,7:44.1,R,Race
2025,797,Scott Phares,59,"Achnavast, Caithness",GBR,,2000,7:44.2,R,Race
2025,798,Ian Northcott,60,,GBR,Mercian Fitness,2000,7:44.3,R,Race
2025,799,Andy Lane,57,,GBR,,2000,7:44.4,R,Race
2025,799,Jeanette Toon,50,QLD,AUS,,2000,7:44.4,R,Race
2025,801,Gianluca Franchini,50,,ITA,Trevignano Rowing,2000,7:44.6,R,Race
2025,802,Raluca Nicoleta Ciocotisan,34,,ITA,Individuale Viral,2000,7:44.7,R,Race
2025,803,Ebony Ebenwaldner,45,,AUS,,2000,7:45.1,R,Race
2025,804,Phoebe Chin,17,,USA,Twin Cities Youth Rowing Club,2000,7:45.3,R,Race
2025,804,Michael Neale,58,,AUS,,2000,7:45.3,R,Race
2025,806,Nicola Moore,44,,GBR,,2000,7:45.7,R,Race
2025,807,Rohan Paladugu,20,"Atlanta, GA",USA,Georgia Tech Rowing Club,2000,7:45.8,R,Race
2025,808,Megan Alison Panniers,17,,GBR,Hereford Rowing Club,2000,7:45.9,R,Race
2025,809,Jane Ashby,53,,GBR,Henley Rowing Club,2000,7:46.2,R,Race
2025,810,Jessica Shepherd,27,,GBR,Reading Rowing Club,2000,7:46.3,R,Race
2025,811,Hannah Stocks,25,,GBR,Army Indoor Rowing Team,2000,7:46.4,R,Race
2025,812,Anna Dall&#039;Oglio,39,,ITA,Cc Roma,2000,7:46.5,R,Race
2025,812,Mark Sanders,65,,GBR,,2000,7:46.5,R,Race
2025,814,Zoe Shuttleworth,44,,GBR,CrossFit Cirencester,2000,7:46.9,R,Race
2025,815,Sylvia Klobucar,42,NSW,AUS,,2000,7:47.4,R,Race
2025,816,Evie Abbott Wilcox,30,,GBR,GymBox,2000,7:47.5,R,Race
2025,817,Mia Wood,20,"Atlanta, GA",USA,Georgia Tech Rowing Club,2000,7:47.6,R,Race
2025,818,Jodie Caldwell,45,,GBR,Trentham Boat Club,2000,7:47.9,R,Race
2025,818,Jake Woods,32,,GBR,Strathclyde Park,2000,7:47.9,R,Race
2025,820,Silvio Castagnone,69,,ITA,,2000,7:48.1,R,Race
2025,820,Marieke Kietselaer,18,,USA,"Rochester Rowing Club, Minnesota",2000,7:48.1,R,Race
2025,822,Ramses Santoyo,22,"Atlanta, GA",USA,Auburn University Rowing Club,2000,7:48.2,R,Race
2025,822,Camilla Stewart,49,,GBR,Gym Mostyn,2000,7:48.2,R,Race
2025,824,Jennifer Scirocco,35,,GBR,,2000,7:48.4,R,Race
2025,824,Michelle Sturtridge,53,,GBR,Molesey Boat Club,2000,7:48.4,R,Race
2025,826,Alan Patterson,76,"Thornlands, QLD",AUS,,2000,7:48.6,R,Race
2025,827,Haidyn Arnett,21,"Atlanta, GA",USA,Georgia Tech Rowing Club,2000,7:48.7,R,Race
2025,828,Vito Matteo Conte,33,,ITA,Heaven,2000,7:48.9,R,Race
2025,828,Caroline von Hahn,18,,USA,St. Olaf Rowing Club,2000,7:48.9,R,Race
2025,830,David Edwards,62,,GBR,,2000,7:49.1,R,Race
2025,831,Colin Mccallum,47,"Nowra, NSW",AUS,,2000,7:49.4,R,Race
2025,832,Megan Bagworth,39,Fremantle,AUS,UWA Boat Club,2000,7:49.7,R,Race
2025,832,Torben S.,43,Osnabr&uuml;ck,GER,,2000,7:49.7,R,Race
2025,832,Isabelle Trudel,21,"Atlanta, GA",USA,Georgia Tech Rowing Club,2000,7:49.7,R,Race
2025,835,Andrea Torda,64,,ITA,Italiana Fitness,2000,7:49.8,R,Race
2025,836,Paola Cantore,17,,ITA,R.C.C. Tevere Remo,2000,7:49.9,R,Race
2025,837,Helen Pawlowski,40,,GBR,,2000,7:50.0,R,Race
2025,838,Tamara Riddell,51,,AUS,,2000,7:50.2,R,Race
2025,839,Elio Formia,62,,ITA,Crossfit Mos,2000,7:50.3,R,Race
2025,840,Camilla (Millie) Griffin,14,,AUS,,2000,7:50.6,R,Race
2025,840,Arnav Shah,20,"Atlanta, GA",USA,Georgia Tech Rowing Club,2000,7:50.6,R,Race
2025,842,Bryony Jones,44,,GBR,,2000,7:51.0,R,Race
2025,843,Roger Stainforth,80,,GBR,Durham Amateur Rowing Club,2000,7:51.4,R,Race
2025,844,Ian Mcfarlane,65,"Wadeville, NSW",AUS,,2000,7:51.5,R,Race
2025,845,Andrew Costin,59,,GBR,Marlow Rowing Club,2000,7:51.7,R,Race
2025,846,Lee Sutherland,55,,GBR,Joleetoms,2000,7:51.8,R,Race
2025,847,Abbey Deans,15,,AUS,,2000,7:51.9,R,Race
2025,847,Colleen Souter,51,"Botany, NSW",AUS,,2000,7:51.9,R,Race
2025,849,Joanne Motte,49,,GBR,Worcester Rowing Club,2000,7:52.1,R,Race
2025,850,Brianie Harries,30,,GBR,,2000,7:52.2,R,Race
2025,850,Rebecca Nosworthy,17,,GBR,King's School Worcester,2000,7:52.2,R,Race
2025,852,Clive Broome,54,,GBR,,2000,7:52.3,R,Race
2025,852,Mary-Ann Millar,54,NSW,AUS,,2000,7:52.3,R,Race
2025,854,Ralph Burgwald,54,"Atlanta, GA",USA,GERMAN Rowers and FRIENDS United,2000,7:52.4,R,Race
2025,855,Michael Henton,70,,GBR,,2000,7:52.5,R,Race
2025,856,Steve Norton,62,,GBR,Seal Personal Training,2000,7:52.6,R,Race
2025,856,Remy Wolberg,14,"Atlanta, GA",USA,Row Georgia,2000,7:52.6,R,Race
2025,858,Richard Webster,70,,GBR,THE DIAMONDS,2000,7:52.8,R,Race
2025,859,Mason Hill,19,,USA,St. Olaf Rowing Club,2000,7:53.0,R,Race
2025,860,Carlo Salvatore Capizzi,23,,ITA,Rowing Team Catania,2000,7:53.1,R,Race
2025,860,Jackson Cobb,19,"Atlanta, GA",USA,Berry College Viking Crew,2000,7:53.1,R,Race
2025,862,Milda Ambra,25,,GBR,,2000,7:53.2,R,Race
2025,862,Kevin Bent,68,"Anglesea, VIC",AUS,,2000,7:53.2,R,Race
2025,862,Mark Nicholls,64,NSW,AUS,,2000,7:53.2,R,Race
2025,865,Jess West,38,,GBR,,2000,7:53.4,R,Race
2025,866,Alan Bell,74,,GBR,Remigo Ergo Sum,2000,7:53.5,R,Race
2025,866,Aadam Majeed,18,,GBR,Marlow,2000,7:53.5,R,Race
2025,866,Mark Mccrossin,57,,AUS,,2000,7:53.5,R,Race
2025,869,Peter Adams,73,QLD,AUS,,2000,7:53.6,R,Race
2025,869,Sarah Johnson,50,,USA,"Rochester Rowing Club, Minnesota",2000,7:53.6,R,Race
2025,869,Annelise Lloyd,22,"Atlanta, GA",USA,Georgia Tech Rowing Club,2000,7:53.6,R,Race
2025,869,Richard Reimer,19,"Atlanta, GA",USA,Berry College Viking Crew,2000,7:53.6,R,Race
2025,873,Hazel Rawdon Smith,48,,GBR,Bedford Rowing Club,2000,7:53.7,R,Race
2025,874,Viola Maffey,16,,ITA,Cc Aniene,2000,7:53.9,R,Race
2025,874,Amy Milner,16,,GBR,Bradford Amateur Rowing Club,2000,7:53.9,R,Race
2025,876,Jackie Johnson,49,,IRL,Guildford Rowing Club,2000,7:54.2,R,Race
2025,877,Joshua Perkins,18,"Atlanta, GA",USA,Berry College Viking Crew,2000,7:54.5,R,Race
2025,878,Delphine Archer,17,,GBR,Cheltenham Ladies College,2000,7:54.6,R,Race
2025,879,Nikil Kumar Kandala,20,"Atlanta, GA",USA,Georgia Tech Rowing Club,2000,7:54.7,R,Race
2025,880,Martin Hyndman,62,,USA,Cimarron Rowing Club,2000,7:54.9,R,Race
2025,880,John Morrow,64,QLD,AUS,,2000,7:54.9,R,Race
2025,882,Georgia Casser Smythe,16,QLD,AUS,,2000,7:55.1,R,Race
2025,883,Lars Renlund,18,"Atlanta, GA",USA,Auburn University Rowing Club,2000,7:55.3,R,Race
2025,884,Ricky Clutterbuck,56,,GBR,Stratford-Upon-Avon Boat Club,2000,7:55.4,R,Race
2025,884,Laura Ghioldi,38,,ITA,Cc Roma,2000,7:55.4,R,Race
2025,886,Ann Marie Cody,43,"Boulder, CO",USA,,2000,7:55.5,R,Race
2025,886,Cora Firth,31,,GBR,Lyme Regis Gig club,2000,7:55.5,R,Race
2025,888,Marco Manuelli,45,,ITA,Audax Asd,2000,7:55.6,R,Race
2025,889,Hannah Hocking,44,,GBR,Fitness Matters,2000,7:55.7,R,Race
2025,889,John Preston,69,NSW,AUS,,2000,7:55.7,R,Race
2025,891,Mario Pallante,68,,ITA,Italiana Fitness,2000,7:55.9,R,Race
2025,892,Andrew Mcevoy,55,,AUS,,2000,7:56.0,R,Race
2025,893,Laney Hunley,16,"Atlanta, GA",USA,Lake Lanier Rowing Club,2000,7:56.1,R,Race
2025,894,Simon Roberson,77,,GBR,Pure Gym Purley,2000,7:56.5,R,Race
2025,895,Julie Drake,55,,GBR,Sub 7 IRC,2000,7:56.6,R,Race
2025,896,Owen Chaffee,20,"Atlanta, GA",USA,Georgia Tech Rowing Club,2000,7:56.7,R,Race
2025,897,Lael Daire,51,,USA,"Rochester Rowing Club, Minnesota",2000,7:57.0,R,Race
2025,898,Ayush Pai,21,"Atlanta, GA",USA,Georgia Tech Rowing Club,2000,7:57.1,R,Race
2025,898,Gavin Rampley,16,"Atlanta, GA",USA,Allatoona Rowing Association,2000,7:57.1,R,Race
2025,900,Braden Bartels,21,"Atlanta, GA",USA,Georgia Tech Rowing Club,2000,7:57.2,R,Race
2025,901,Alessandro Sanchi,72,,ITA,Rowing4Us-Raex,2000,7:57.3,R,Race
2025,901,Claudia Vicars,50,,GBR,Fitness Matters,2000,7:57.3,R,Race
2025,903,Konstantin Gaydev,20,"Atlanta, GA",USA,Georgia Tech Rowing Club,2000,7:57.4,R,Race
2025,904,Allan Vargas,38,,PAN,Siggiewi Rowing Club,2000,7:57.5,R,Race
2025,905,Gerard Williams,55,,GBR,,2000,7:57.8,R,Race
2025,906,Sarah Lewis,41,,GBR,,2000,7:58.2,R,Race
2025,906,Nicola Mccullough,45,,GBR,Army Indoor Rowing Team,2000,7:58.2,R,Race
2025,908,Melody Hunley,45,"Atlanta, GA",USA,Lake Lanier Rowing Club,2000,7:58.3,R,Race
2025,908,Kate Rogers,19,,GBR,University of York,2000,7:58.3,R,Race
2025,910,Cameron Powell,19,,GBR,Lions RC,2000,7:58.4,R,Race
2025,910,Stephen Wright,56,,GBR,David Lloyd Nottingham,2000,7:58.4,R,Race
2025,912,Sophie Pegnia,21,"Atlanta, GA",USA,Georgia Tech Rowing Club,2000,7:58.5,R,Race
2025,913,Marina Lindstr&ouml;m,45,,FIN,,2000,7:58.6,R,Race
2025,914,Stefano Pacaccio,68,,ITA,Cc Roma,2000,7:58.7,R,Race
2025,914,Lucrezia Tofani,14,,ITA,Cc Aniene,2000,7:58.7,R,Race
2025,916,Madeline Lesko,19,"Atlanta, GA",USA,Georgia Tech Rowing Club,2000,7:58.8,R,Race
2025,916,Dylan Saulinskas,14,"Atlanta, GA",USA,Allatoona Rowing Association,2000,7:58.8,R,Race
2025,918,Thomas Welch,56,,USA,"Rochester Rowing Club, Minnesota",2000,7:58.9,R,Race
2025,919,Oceane Jeannerat,15,Fremantle,AUS,Fremantle Rowing Club,2000,7:59.1,R,Race
2025,919,Russell Thornton,70,,GBR,Gloucester Rowing Club,2000,7:59.1,R,Race
2025,921,Mark Greer,43,"Atlanta, GA",USA,,2000,7:59.2,R,Race
2025,921,Jeffrey Leigh,70,,GBR,,2000,7:59.2,R,Race
2025,923,Rob Sharratt,67,,GBR,,2000,7:59.3,R,Race
2025,924,Chris Cumbers,76,,GBR,,2000,7:59.4,R,Race
2025,924,Gianluca Morelli,53,,ITA,Cc Roma,2000,7:59.4,R,Race
2025,926,Brianne Bartolini,35,,ITA,Tirrenia Todaro,2000,7:59.5,R,Race
2025,926,Cleonice Renzetti,37,,ITA,Tiber Rowing,2000,7:59.5,R,Race
2025,928,Izzy Utley,20,Fremantle,AUS,UWA Boat Club,2000,7:59.6,R,Race
2025,929,Hannah Laundy,16,,GBR,The Grange School,2000,7:59.7,R,Race
2025,929,Anna Macknica,41,,USA,Pelham Community Rowing Association,2000,7:59.7,R,Race
2025,931,Louise Tanner,56,,GBR,Monmouth Rowing Club,2000,7:59.9,R,Race
2025,932,Marta Piccininno,27,,ITA,Circolo Canottieri Irno,2000,8:00.0,R,Race
2025,933,Michela Giansante,54,,ITA,Canottieri Saturnia,2000,8:00.1,R,Race
2025,934,Kimberly Kukler,59,"Atlanta, GA",USA,,2000,8:00.3,R,Race
2025,935,Tarita V&auml;h&auml;-Vahe,55,,FIN,,2000,8:00.6,S,Race
2025,936,Anna Clarke,47,,GBR,Bristol Ariel Rowing Club,2000,8:00.8,R,Race
2025,936,Suzy Hadlow,60,"Bowen Mountain, NSW",AUS,,2000,8:00.8,R,Race
2025,936,John Taylor,59,,GBR,Mackenzie Ebert,2000,8:00.8,R,Race
2025,939,Emma Casolla,14,,ITA,R.C.C. Tevere Remo,2000,8:01.2,R,Race
2025,940,Iannelli Micol,17,,ITA,R.C.C. Tevere Remo,2000,8:01.3,R,Race
2025,941,Tessa Francalanci,41,,ITA,Audax Asd,2000,8:01.5,R,Race
2025,942,Paul Black,45,"Atlanta, GA",USA,,2000,8:01.9,R,Race
2025,942,Lindsey Cuthbertson,36,ACT,AUS,,2000,8:01.9,R,Race
2025,944,Glenda Chapman,57,"East Albury, NSW",AUS,,2000,8:02.3,R,Race
2025,944,Mick Panyanithisakul,31,"Atlanta, GA",USA,,2000,8:02.3,R,Race
2025,944,Irene Woodward,44,,USA,"Rochester Rowing Club, Minnesota",2000,8:02.3,R,Race
2025,947,Giovanni Sabatini,56,,ITA,Heaven,2000,8:02.4,R,Race
2025,947,Jessica Stewart,23,,GBR,RAF Rowing,2000,8:02.4,R,Race
2025,949,Rachel Silvester,17,,GBR,Gloucester Rowing Club,2000,8:02.5,R,Race
2025,950,Annika Bartucz,17,,USA,"Rochester Rowing Club, Minnesota",2000,8:02.6,R,Race
2025,950,Laura Rees,42,,GBR,,2000,8:02.6,R,Race
2025,952,Piia Autonen-Laakso,46,,FIN,,2000,8:02.7,R,Race
2025,953,Cy Hennings,21,,USA,St. Olaf Rowing Club,2000,8:02.8,R,Race
2025,954,Evie Kendrew,21,,GBR,University of Birmingham Boat Club,2000,8:02.9,R,Race
2025,954,George Larkin,17,,GBR,Gloucester Rowing Club,2000,8:02.9,R,Race
2025,956,Clare Hudson,50,,GBR,Warrior Wellness Movement,2000,8:03.5,R,Race
2025,956,Sarah Saccaggi,27,"Atlanta, GA",USA,Allatoona Rowing Association,2000,8:03.5,R,Race
2025,956,Giancarmine Voza,57,,ITA,Cc Roma,2000,8:03.5,R,Race
2025,956,Kathleen Wilson,46,,GBR,,2000,8:03.5,R,Race
2025,960,Bob Armour,48,,GBR,AL Fitness,2000,8:03.6,R,Race
2025,960,Greg Corin,57,ACT,AUS,,2000,8:03.6,R,Race
2025,962,Rae Gallagher,53,NSW,AUS,,2000,8:04.1,R,Race
2025,963,Patrick Bonguardo,58,,FRA,Rowing Club Bern,2000,8:04.2,R,Race
2025,963,Orleans Duncan,66,,GBR,Cool Rowings,2000,8:04.2,R,Race
2025,965,Amanda Rawdon Smith,63,,GBR,"Hybrid Performance Training, Peterborough",2000,8:04.9,R,Race
2025,966,Pruteanu Catalin Iulian,48,,ITA,Trevignano Rowing,2000,8:05.0,R,Race
2025,967,Daniele Picano,26,,ITA,Individuale,2000,8:05.2,R,Race
2025,968,Linda Mentz,19,"Atlanta, GA",USA,Georgia Tech Rowing Club,2000,8:05.4,R,Race
2025,969,Nigel Taylor,65,,GBR,,2000,8:05.5,R,Race
2025,970,Paul Cross,72,,GBR,,2000,8:05.6,R,Race
2025,970,Jodie Gibson,51,"Mildura, VIC",AUS,,2000,8:05.6,R,Race
2025,972,Louise Crawford,46,,GBR,Trafford Rowing Club,2000,8:05.7,R,Race
2025,973,Fiona Jamie,65,,GBR,Shoreham Rowing Club,2000,8:05.8,R,Race
2025,974,Mark Thaller,65,"Gainesville, VA",USA,"Thompson Boat Center, Washington, DC",2000,8:05.9,R,Race
2025,975,Boris Dosseh,44,,FRA,Putney Town Rowing Club,2000,8:06.1,R,Race
2025,976,Eleisha Keogh,55,VIC,AUS,,2000,8:06.2,R,Race
2025,977,Martha Colclough,17,,GBR,RGS Worcester,2000,8:06.3,R,Race
2025,978,Reetta Solala,48,,FIN,Takon soutajat,2000,8:06.5,R,Race
2025,979,Sari Susanna Okkolin,50,,FIN,,2000,8:06.7,R,Race
2025,980,Antonio Testa,70,,ITA,Italiana Fitness,2000,8:06.8,R,Race
2025,981,Fabrizio Bad&ograve;,61,,ITA,Cc 3Ponti,2000,8:07.0,R,Race
2025,981,Nia Chudley,18,,GBR,Gloucester Rowing Club,2000,8:07.0,R,Race
2025,983,Ella Jane Miller,22,"Atlanta, GA",USA,Berry College Viking Crew,2000,8:07.1,R,Race
2025,984,Tony George,62,"Mildura, VIC",AUS,,2000,8:07.3,R,Race
2025,985,Christopher Tuckett,76,,GBR,,2000,8:07.4,R,Race
2025,986,Katrina Lee,38,"Highfields, QLD",AUS,,2000,8:07.7,R,Race
2025,986,Alyssum Rowett,58,,GBR,Trent Rowing Club,2000,8:07.7,R,Race
2025,986,Kerry Widdowson -Lewis,25,,GBR,Marlow Rowing Club,2000,8:07.7,R,Race
2025,989,Andrea Sermoneta,56,,ITA,Cc Roma,2000,8:07.8,R,Race
2025,990,Eimear Slee,16,,GBR,Warrington  Rowing Club,2000,8:07.9,R,Race
2025,991,Julia Paparrodopoulos,49,,ITA,Cc Roma,2000,8:08.0,R,Race
2025,992,Amelia Venables,18,,GBR,King's School Worcester,2000,8:08.2,R,Race
2025,993,Kiernan Blanchard,22,,USA,,2000,8:08.3,R,Race
2025,993,Andrea Colletta,46,,ITA,Heaven,2000,8:08.3,R,Race
2025,995,Laura Bertucci,14,,ITA,R.C.C. Tevere Remo,2000,8:08.5,R,Race
2025,995,Vikinder Kumar,43,SAS NAGAR,IND,,2000,8:08.5,R,Race
2025,995,Serena Ricci,16,,ITA,R.C.C. Tevere Remo,2000,8:08.5,R,Race
2025,995,Peter Sheean,80,QLD,AUS,,2000,8:08.5,R,Race
2025,999,Emma Lowe,33,,GBR,,2000,8:08.6,R,Race
2025,1000,Piero Delvecchio,70,,ITA,Cc Roma,2000,8:08.8,R,Race
2025,1001,Sophie Andersen,20,"Atlanta, GA",USA,Georgia Tech Rowing Club,2000,8:08.9,R,Race
2025,1002,Nicky Zaiger,52,,GBR,Weymouth rowing club,2000,8:09.0,R,Race
2025,1003,Anna Dennissiouk,21,"Atlanta, GA",USA,Georgia Tech Rowing Club,2000,8:09.4,R,Race
2025,1004,Lottie Richardson,17,,GBR,RGS Worcester,2000,8:09.5,R,Race
2025,1005,Francesca De Tiberiis,55,,ITA,Cc Roma,2000,8:09.8,R,Race
2025,1006,Helen Smith,63,,GBR,Milton Keynes Rowing Club,2000,8:09.9,R,Race
2025,1007,Andrew Gaines,19,"Atlanta, GA",USA,Berry College Viking Crew,2000,8:10.3,R,Race
2025,1008,David Matheson,76,Sydney,AUS,,2000,8:10.4,R,Race
2025,1009,Monica Alessandra Tonetti,53,,ITA,Cc 3Ponti,2000,8:10.5,R,Race
2025,1010,Helen Honecker,19,"Atlanta, GA",USA,Georgia Tech Rowing Club,2000,8:10.6,R,Race
2025,1011,Anna McColl,19,"Atlanta, GA",USA,Berry College Viking Crew,2000,8:11.0,R,Race
2025,1011,Morgana Assia Pace,18,,ITA,Cc Aniene,2000,8:11.0,R,Race
2025,1013,Massimo Bevacqua,59,,ITA,Heaven,2000,8:11.1,R,Race
2025,1014,Nanna Schiller J&oacute;annisd&oacute;ttir,16,,NOR,KÍF-Kappróður,2000,8:11.3,R,Race
2025,1015,Tripp Welch,56,"Rochester, MN",USA,"Rochester Rowing Club, Minnesota",2000,8:11.5,R,Race
2025,1016,Rachel Burdett,47,"Logan Village, QLD",AUS,,2000,8:11.7,R,Race
2025,1017,Rebecca Powell,58,,GBR,Peterborough City Rowing Club,2000,8:11.9,R,Race
2025,1018,Elyse LeQuire,16,,USA,"Rochester Rowing Club, Minnesota",2000,8:12.0,R,Race
2025,1018,David Rachlin,64,"Golden, CO",USA,Suburban High Seas Pirates,2000,8:12.0,R,Race
2025,1020,Yichen Su,18,"Atlanta, GA",USA,Georgia Tech Rowing Club,2000,8:12.1,R,Race
2025,1021,Isla Beattie-Wharton,41,,GBR,215 MMR,2000,8:12.3,R,Race
2025,1021,Clive Hampton,63,,GBR,,2000,8:12.3,R,Race
2025,1023,Florentina Archer,16,,GBR,Cheltenham Ladies College,2000,8:12.5,R,Race
2025,1024,Taylor Cresswell,27,QLD,AUS,Australian Army,2000,8:12.9,R,Race
2025,1024,Des Johnston,55,,GBR,Fitness Matters,2000,8:12.9,R,Race
2025,1026,Marta Di Bartolo,14,,ITA,Cc Aniene,2000,8:13.0,R,Race
2025,1026,FNU Harpreet kaur,34,,IND,,2000,8:13.0,R,Race
2025,1028,Anastasia La Rosa,14,,ITA,R.C.C. Tevere Remo,2000,8:13.1,R,Race
2025,1029,Valeria Barchesi,15,,ITA,Cc Aniene,2000,8:13.2,R,Race
2025,1030,Camilla Appolloni,28,,ITA,University of Mata Rowing Club,2000,8:13.3,R,Race
2025,1031,Christine Dimech,48,,GBR,,2000,8:13.4,R,Race
2025,1031,Natalie Dunn,52,,GBR,,2000,8:13.4,R,Race
2025,1031,Hui Yang Manley,34,,GBR,,2000,8:13.4,R,Race
2025,1034,Giuseppe Papaluca,65,,ITA,Trevignano Rowing,2000,8:13.5,R,Race
2025,1035,Robert Sowdon,64,,GBR,Gym Mostyn,2000,8:13.8,R,Race
2025,1036,Amalia Sangiovanni-Vincentelli,16,,GBR,Rob Roys,2000,8:13.9,R,Race
2025,1037,Marc Cefaratti,43,,ITA,Cc 3Ponti,2000,8:14.0,R,Race
2025,1038,Lorenzo Mariani,49,,ITA,Individuale,2000,8:14.2,R,Race
2025,1039,Maija Virta,60,,FIN,,2000,8:14.5,R,Race
2025,1040,Lillian Sharp,20,"Atlanta, GA",USA,Georgia Tech Rowing Club,2000,8:14.6,R,Race
2025,1041,Naomi Fuller,22,"Atlanta, GA",USA,Georgia Tech Rowing Club,2000,8:14.7,R,Race
2025,1042,Robert Snowden,64,,GBR,,2000,8:14.8,R,Race
2025,1043,Peter Ledger,67,Fremantle,AUS,,2000,8:14.9,R,Race
2025,1044,Nicolas Maffei,36,,ITA,Circolo Vogatori Riomarinesi,2000,8:15.0,R,Race
2025,1045,Natalie Williams,21,"Atlanta, GA",USA,Georgia Tech Rowing Club,2000,8:15.2,R,Race
2025,1046,Martin Doyle,66,,AUS,,2000,8:15.5,R,Race
2025,1046,Mary Hardesty,21,"Atlanta, GA",USA,Berry College Viking Crew,2000,8:15.5,R,Race
2025,1046,Rachael Young,52,,GBR,,2000,8:15.5,R,Race
2025,1049,John Cooper,64,,GBR,Star Bedford,2000,8:16.0,R,Race
2025,1050,Poppy Brenton,17,,GBR,Gloucester Rowing Club,2000,8:16.2,R,Race
2025,1051,Tetyana Gyerovkina,50,,ITA,Cc Roma,2000,8:16.3,R,Race
2025,1051,Chandler Parker,19,"Atlanta, GA",USA,Georgia Tech Rowing Club,2000,8:16.3,R,Race
2025,1053,Kevin Buhler,57,"Toormina, NSW",AUS,,2000,8:16.4,R,Race
2025,1054,Amy Colclough,53,,GBR,Trent Rowing Club,2000,8:16.7,R,Race
2025,1055,Kristine Telfer,40,NSW,AUS,,2000,8:16.8,R,Race
2025,1056,Greg Clarkson,62,"Pacific Pines, QLD",AUS,,2000,8:16.9,R,Race
2025,1057,Rachel Charlesworth,48,,GBR,,2000,8:17.4,R,Race
2025,1057,Hayley Satalin,19,"Atlanta, GA",USA,Georgia Tech Rowing Club,2000,8:17.4,R,Race
2025,1059,Sharon Anne Jones,64,Fremantle,AUS,Curtin University Boat Club,2000,8:17.5,R,Race
2025,1060,Matthew Armstrong,67,,USA,,2000,8:17.8,R,Race
2025,1061,Kevin Goodman,68,WA,AUS,,2000,8:18.1,R,Race
2025,1061,Emily Robertson,22,,GBR,Trafford Rowing Club,2000,8:18.1,R,Race
2025,1061,Assia Sabina Lul Rosati,60,,ITA,Cc Roma,2000,8:18.1,R,Race
2025,1064,Elsie Watters,16,,GBR,Guildford High School,2000,8:18.2,R,Race
2025,1065,P&auml;ivi T&ouml;rm&auml;,67,,FIN,,2000,8:18.6,R,Race
2025,1066,Johannes Vaakanainen,80,,FIN,,2000,8:18.8,R,Race
2025,1067,Alessandro Ambrosetti,58,,ITA,Heaven,2000,8:18.9,R,Race
2025,1067,Warner Hieatt,77,,AUS,,2000,8:18.9,R,Race
2025,1067,Chiara Nicolosi,29,,ITA,Trevignano Rowing,2000,8:18.9,R,Race
2025,1067,Natasha Robinson,25,,GBR,,2000,8:18.9,R,Race
2025,1071,Brendan Smith,55,Leicester,GBR,,2000,8:19.1,R,Race
2025,1072,Phoebe Sanders,54,"Newcastle, NSW",AUS,Newcastle Rowing Club,2000,8:19.6,R,Race
2025,1073,David Corin,60,QLD,AUS,,2000,8:20.0,R,Race
2025,1074,Charl Kellermann,58,"Mount Warrigal, NSW",AUS,,2000,8:20.2,R,Race
2025,1075,Katie Harris,15,QLD,AUS,,2000,8:20.6,R,Race
2025,1076,Lisa Hansen-Burns,46,"Pacific Pines, QLD",AUS,,2000,8:20.7,R,Race
2025,1077,Evelyn Battle,15,"Atlanta, GA",USA,Allatoona Rowing Association,2000,8:20.9,R,Race
2025,1078,Mark Yuen,69,,SGP,,2000,8:21.1,R,Race
2025,1079,Laetitia Jeannerat,15,Fremantle,AUS,Fremantle Rowing Club,2000,8:21.2,R,Race
2025,1080,Amy Thompson,32,,GBR,Army Indoor Rowing Team,2000,8:21.8,R,Race
2025,1081,John Choice,75,"Batehaven, NSW",AUS,,2000,8:22.6,R,Race
2025,1082,Emanuela Di Fazio,48,,ITA,Roman Sport City,2000,8:22.7,R,Race
2025,1083,Anna Clara Salvatore,62,,ITA,Cc 3Ponti,2000,8:23.0,R,Race
2025,1084,James Reichow,23,,USA,St. Cloud State University Crew,2000,8:23.1,R,Race
2025,1085,Danni Bertolone,33,,GBR,Locker 27,2000,8:23.8,R,Race
2025,1086,Bridget Mate,18,"Atlanta, GA",USA,Row Georgia,2000,8:23.9,R,Race
2025,1087,Margaret Fernandez,18,"Atlanta, GA",USA,St. Andrew Rowing Club,2000,8:24.1,R,Race
2025,1087,Brian Perry,77,,GBR,The Diamonds (Over 60s Edging Team),2000,8:24.1,R,Race
2025,1089,Bruce Smerdon,69,"St Lucia, QLD",AUS,,2000,8:24.2,R,Race
2025,1090,Polina Verkhovodova,24,"Atlanta, GA",USA,Georgia Tech Rowing Club,2000,8:24.3,R,Race
2025,1091,Maarten ROORDING,47,,FRA,Mulhouse-Aviron,2000,8:24.4,R,Race
2025,1091,Yifei Yang,37,,USA,"Rochester Rowing Club, Minnesota",2000,8:24.4,R,Race
2025,1093,Anthony Cappetta,61,"Wollongong, NSW",AUS,,2000,8:24.6,R,Race
2025,1094,Kate Bruck,42,,GBR,Seal Personal Training,2000,8:24.7,R,Race
2025,1095,Costanza Battelli,55,,ITA,Cc 3Ponti,2000,8:24.8,R,Race
2025,1096,Millie Erickson,15,,USA,"Rochester Rowing Club, Minnesota",2000,8:25.2,R,Race
2025,1096,Eliot Galyean,50,"Atlanta, GA",USA,Allatoona Rowing Association,2000,8:25.2,R,Race
2025,1096,Heidi Strickland-Clark,54,,GBR,,2000,8:25.2,R,Race
2025,1099,Clare Rainbow,61,,GBR,Castle Semple Rowing Club/Sub7Indoor RowingClub,2000,8:25.7,R,Race
2025,1100,Pauline Demel,57,,GBR,Mercian Fitness,2000,8:25.9,R,Race
2025,1101,Hayden Link,20,"Atlanta, GA",USA,Georgia Tech Rowing Club,2000,8:26.1,R,Race
2025,1102,Faith Xu,21,"Atlanta, GA",USA,Georgia Tech Rowing Club,2000,8:26.3,R,Race
2025,1103,Roberto Iori,67,,ITA,Cc 3Ponti,2000,8:26.4,R,Race
2025,1104,Jack Jenkins,18,,GBR,,2000,8:26.6,R,Race
2025,1104,Camilla Spirito,20,,ITA,Cc 3Ponti,2000,8:26.6,R,Race
2025,1106,Laura Galli,53,,ITA,Trevignano Rowing,2000,8:26.7,R,Race
2025,1107,Jack Stief,15,QLD,AUS,,2000,8:26.8,R,Race
2025,1108,Amanda Waddell,53,"Vincentia, NSW",AUS,,2000,8:26.9,R,Race
2025,1109,Emma Lloyd,52,,GBR,Atlantic Angels,2000,8:27.2,R,Race
2025,1110,Stefano Giuffrida,64,,ITA,Cc Roma,2000,8:27.3,R,Race
2025,1111,Kate Balding,40,"Nowra, NSW",AUS,,2000,8:27.5,R,Race
2025,1112,Francesca Mariani,42,,ITA,Trevignano Rowing,2000,8:27.6,R,Race
2025,1112,walter serafyn,43,"Whitehouse Station, NJ",USA,,2000,8:27.6,R,Race
2025,1114,Gemma O&#039;neill,37,,GBR,AL Fitness,2000,8:27.7,R,Race
2025,1115,Paul Milsom,58,"Jupiter, FL",USA,,2000,8:27.8,R,Race
2025,1116,Megan Hill,17,,GBR,Doncaster Schools Rowing Association,2000,8:28.0,R,Race
2025,1117,David Burwell,67,,USA,"Fox Valley Rowing Club, Inc.",2000,8:28.3,R,Race
2025,1118,Tina Bonham,62,,GBR,Goat Fitness,2000,8:28.6,R,Race
2025,1119,Ioana Pupaza,28,,ROU,Lyme Regis Gig club,2000,8:28.8,R,Race
2025,1120,Nick Beneke,23,,USA,St. Cloud State University Crew,2000,8:28.9,R,Race
2025,1120,Laura Palagi,59,,ITA,Cc Roma,2000,8:28.9,R,Race
2025,1122,Gavin Thomson,71,"Campbelltown, NSW",AUS,,2000,8:29.0,R,Race
2025,1123,Stan Butler,73,,GBR,,2000,8:29.1,R,Race
2025,1124,Kalysta Crawford,21,"Atlanta, GA",USA,Auburn University Rowing Club,2000,8:29.3,R,Race
2025,1125,Miriam Daire,14,,USA,"Rochester Rowing Club, Minnesota",2000,8:29.4,R,Race
2025,1125,Charlotte Reina,50,,GBR,Atlantic Angels,2000,8:29.4,R,Race
2025,1125,Ava Waters,13,,AUS,,2000,8:29.4,R,Race
2025,1128,Stephen Hennessy,55,"SPRINGFIELD, QLD",AUS,,2000,8:29.8,R,Race
2025,1128,Mary Mortimer,66,,GBR,Putney Town RC,2000,8:29.8,R,Race
2025,1130,Stanley Butler,73,,GBR,Bridgnorth Rowing Club,2000,8:30.1,R,Race
2025,1131,Raffaella Amicone,56,,ITA,Crossfit Mos,2000,8:30.4,R,Race
2025,1132,Kara Garvey,18,,USA,"Rochester Rowing Club, Minnesota",2000,8:30.5,R,Race
2025,1133,Arya Jacobson,20,,USA,St. Olaf Rowing Club,2000,8:30.6,R,Race
2025,1134,Giuseppe Romano,68,,ITA,The Diamonds (Over Sixties Erging Group),2000,8:30.8,R,Race
2025,1135,Marco Predieri,65,,ITA,Heaven,2000,8:31.0,R,Race
2025,1136,Elizabeth Harrison,62,"Port Macquarie, NSW",AUS,,2000,8:31.2,R,Race
2025,1137,Carlo Alberto Marchi,64,,ITA,Trevignano Rowing,2000,8:31.3,R,Race
2025,1138,Isabel Iannelli,15,,ITA,R.C.C. Tevere Remo,2000,8:31.7,R,Race
2025,1139,Giulia Zappacosta,35,,ITA,Heaven,2000,8:31.9,R,Race
2025,1140,Candice Heine,53,"Port Macquarie, NSW",AUS,,2000,8:32.1,R,Race
2025,1141,Ally Hanham,22,"Atlanta, GA",USA,Georgia Tech Rowing Club,2000,8:32.2,R,Race
2025,1141,Ann Marie Hearne,45,,IRL,RS,2000,8:32.2,R,Race
2025,1141,Jordan Smith,21,,USA,St. Cloud State University Crew,2000,8:32.2,R,Race
2025,1144,Riley Hogan,19,"Atlanta, GA",USA,Georgia Tech Rowing Club,2000,8:32.7,R,Race
2025,1145,Sebastian Johnson,22,,GBR,Marlow Rowing Club,2000,8:33.0,R,Race
2025,1146,Lei Zhong,44,,HKG,,2000,8:33.1,R,Race
2025,1147,Giovanna Cardillo,52,,ITA,Sport Life,2000,8:33.3,R,Race
2025,1148,John Kennedy,67,"Atlanta, GA",USA,"Atlanta Rowing Club, Inc.",2000,8:33.7,R,Race
2025,1149,Amanda Munkeby,44,,USA,Unaffiliated (USA),2000,8:33.9,R,Race
2025,1150,Lisa Brown,32,"Aberglasslyn, NSW",AUS,,2000,8:34.2,R,Race
2025,1150,Kate Haglin,19,,USA,St. Cloud State University Crew,2000,8:34.2,R,Race
2025,1152,Georgia Carmichael,22,,GBR,Maidenhead Rowing Club,2000,8:34.8,R,Race
2025,1153,Simona Anitori,42,,ITA,Italiana Fitness,2000,8:34.9,R,Race
2025,1154,Sharon JONES,64,WA,AUS,,2000,8:35.0,R,Race
2025,1155,Derek Vaughan,80,,GBR,Gym Mostyn,2000,8:35.2,R,Race
2025,1156,Joanne Letchford,62,"Port Macquarie, NSW",AUS,,2000,8:35.3,R,Race
2025,1156,Francesca Santone,46,,ITA,Roman Sport City,2000,8:35.3,R,Race
2025,1158,Anne Hird,65,"Providence, RI",USA,Narragansett Boat Club,2000,8:35.8,R,Race
2025,1158,Sara Propes,43,"Atlanta, GA",USA,"Atlanta Rowing Club, Inc.",2000,8:35.8,R,Race
2025,1160,Chiara Brogni,42,,ITA,Canottieri Tritium,2000,8:35.9,R,Race
2025,1160,Caroline Lightner,17,"Atlanta, GA",USA,"Augusta Rowing Club, Inc.",2000,8:35.9,R,Race
2025,1162,Peter Dwyer,82,QLD,AUS,,2000,8:36.2,R,Race
2025,1163,Nadia Olijar,17,,GBR,Cheltenham Ladies College,2000,8:36.3,R,Race
2025,1163,Tannaz Toosi Maraghi,38,,ITA,Cc Roma,2000,8:36.3,R,Race
2025,1165,Brielle Hutchison,42,"Burnaby, BC",CAN,Nicomekl Rowing Club,2000,8:36.4,R,Race
2025,1166,Anna Cordelia Palomba,60,,ITA,Cc 3Ponti,2000,8:36.5,R,Race
2025,1167,Ivey Dyer,18,"Atlanta, GA",USA,Allatoona Rowing Association,2000,8:36.7,R,Race
2025,1167,Francesca Preskett,17,,GBR,Guildford High School,2000,8:36.7,R,Race
2025,1169,Bruce Patton,82,Queenstown,NZL,,2000,8:37.0,R,Race
2025,1170,Haydn House,18,"Atlanta, GA",USA,Auburn University Rowing Club,2000,8:37.1,R,Race
2025,1171,Massimiliano Tullio,63,,ITA,Heaven,2000,8:37.3,R,Race
2025,1171,Richard Wassell,58,Fremantle,AUS,,2000,8:37.3,R,Race
2025,1173,Chloe Rousseau,19,,USA,St. Olaf Rowing Club,2000,8:37.6,R,Race
2025,1173,Alex Schemmel,15,,USA,"Rochester Rowing Club, Minnesota",2000,8:37.6,R,Race
2025,1175,Louise Robinson,56,,GBR,,2000,8:37.8,R,Race
2025,1176,Memoona Khalid,35,,GBR,,2000,8:37.9,R,Race
2025,1176,Edward Smith,16,,GBR,Runcorn Rowing Club,2000,8:37.9,R,Race
2025,1178,Melissa Hanson,42,"Dubbo, NSW",AUS,,2000,8:38.3,R,Race
2025,1179,Pandora Holladay,24,,GBR,Holistic Strength Coaching,2000,8:38.4,R,Race
2025,1179,Geoffrey Toogood,65,"FRANKSTON SOUTH, VIC",AUS,,2000,8:38.4,R,Race
2025,1181,Colin Thomas,72,"Port Macquarie, NSW",AUS,,2000,8:38.5,R,Race
2025,1182,Mitchell Bails,24,,AUS,,2000,8:38.7,R,Race
2025,1182,Peter Bonello,26,,MLT,Siggiewi Rowing Club,2000,8:38.7,R,Race
2025,1184,Colby Ferguson,20,QLD,AUS,,2000,8:38.8,R,Race
2025,1185,Helen Hughes,44,,GBR,Trentham Boat Club,2000,8:39.0,R,Race
2025,1186,Kim Batterson,55,,USA,"Rochester Rowing Club, Minnesota",2000,8:39.4,R,Race
2025,1187,Michael Pearson,56,,GBR,,2000,8:39.5,R,Race
2025,1188,Tom Grant,67,"Lawrence, KS",USA,Kansas City Rowing Club,2000,8:39.7,R,Race
2025,1189,Munirah Alatas,61,Kuala Lumpur,MAS,RowAlong,2000,8:39.8,R,Race
2025,1190,Gloria Martorelli,62,,ITA,Cc 3Ponti,2000,8:40.0,R,Race
2025,1191,Alessandra Prato,28,,ITA,Rowing Team Catania,2000,8:40.1,R,Race
2025,1191,(愛知東郷BC)藤本 真,14,,JPN,,2000,8:40.1,R,Race
2025,1193,Giovanna D&#039;Innella,51,,ITA,Cc Roma,2000,8:40.2,R,Race
2025,1194,Sam Perkins,75,"Lawrence, KS",USA,,2000,8:40.3,R,Race
2025,1195,Elizabeth Stengell,20,"Atlanta, GA",USA,Georgia Tech Rowing Club,2000,8:40.4,R,Race
2025,1196,Crista Alarcon-Suarez,17,"Atlanta, GA",USA,Row Georgia,2000,8:40.7,R,Race
2025,1197,Harata Wilson,46,"Ashtonfield, NSW",AUS,,2000,8:40.8,R,Race
2025,1198,Ollie Swales,21,,GBR,Lions RC,2000,8:41.6,R,Race
2025,1199,Kira Heermann,28,,GER,,2000,8:41.8,R,Race
2025,1200,Sasha Ting,16,,USA,"Rochester Rowing Club, Minnesota",2000,8:42.4,R,Race
2025,1201,Antoinette Hage,35,,GBR,Tideway Scullers School,2000,8:42.7,R,Race
2025,1201,Joyce James,66,,GBR,The Diamonds (Over Sixties Erging Group),2000,8:42.7,R,Race
2025,1203,Emanuela Origlia,55,,ITA,Heaven,2000,8:43.1,R,Race
2025,1204,Paola Baruchelli,53,,ITA,A.S.D. Prosport,2000,8:43.2,R,Race
2025,1204,Carlos Flores,43,"Atlanta, GA",USA,,2000,8:43.2,R,Race
2025,1204,Arianna Vicari,67,,ITA,Cc Roma,2000,8:43.2,R,Race
2025,1207,Ruggero Agostinelli,75,,ITA,Cc Roma,2000,8:43.6,R,Race
2025,1207,Philip Price,90,"Armstrong Creek, VIC",AUS,Free Spirits,2000,8:43.6,R,Race
2025,1207,Stephen Ralph,66,Fremantle,AUS,Casey Station Antarctica,2000,8:43.6,R,Race
2025,1210,Karen Lindley,61,,GBR,,2000,8:43.8,R,Race
2025,1211,William Konarzewski,75,,GBR,Free Spirits,2000,8:43.9,R,Race
2025,1212,Susan Young,59,,GBR,Sub& IRC and Seal Personal Training,2000,8:44.0,R,Race
2025,1213,Francesca Bernabei,56,,ITA,Cc Roma,2000,8:44.3,R,Race
2025,1213,Elizabeth Feldman,76,,AUS,,2000,8:44.3,R,Race
2025,1215,Kim Batterson,56,"Rochester, MN",USA,"Rochester Rowing Club, Minnesota",2000,8:44.7,R,Race
2025,1215,Janet Doyle,64,,AUS,,2000,8:44.7,R,Race
2025,1215,Shreeya Simha,20,"Atlanta, GA",USA,Georgia Tech Rowing Club,2000,8:44.7,R,Race
2025,1218,Leila Collins,13,"Atlanta, GA",USA,Row Georgia,2000,8:44.9,R,Race
2025,1219,Eva Kushnir,20,"Atlanta, GA",USA,Georgia Tech Rowing Club,2000,8:45.0,R,Race
2025,1220,Frances Quinn,26,,GBR,Bristol Ariel Rowing Club,2000,8:45.2,R,Race
2025,1221,Viviana Del Toro,59,,ITA,Canottieri La Pescara,2000,8:45.4,R,Race
2025,1221,Cally Hammond,59,,GBR,Gym Mostyn,2000,8:45.4,R,Race
2025,1223,Steve Franks,57,,GBR,,2000,8:45.6,R,Race
2025,1223,Sarah Vakilpour,43,,GBR,,2000,8:45.6,R,Race
2025,1225,Caitlyn Livingston,35,"Atlanta, GA",USA,,2000,8:45.7,R,Race
2025,1226,Michael Hughes,60,,GBR,,2000,8:46.0,R,Race
2025,1227,Rosie Mcgorry,32,,GBR,,2000,8:46.2,R,Race
2025,1228,Antonietta Tomasulo,57,,ITA,A.S.D. Prosport,2000,8:46.4,R,Race
2025,1229,Erica Villi,59,,ITA,Canottieri Saturnia,2000,8:46.8,R,Race
2025,1229,Michelle Vogl,42,,USA,"Rochester Rowing Club, Minnesota",2000,8:46.8,R,Race
2025,1231,Rosaria Paolino,55,,ITA,Rowing Club Marzamemi,2000,8:47.1,R,Race
2025,1232,June Carter,46,,GBR,,2000,8:47.2,R,Race
2025,1233,Matthew Willoughby,83,NSW,AUS,,2000,8:47.3,R,Race
2025,1234,Kerry Pottinger,64,,GBR,,2000,8:47.7,R,Race
2025,1235,William Sheehan,14,QLD,AUS,,2000,8:48.8,R,Race
2025,1236,Devon Chavez,12,"Atlanta, GA",USA,Allatoona Rowing Association,2000,8:49.4,R,Race
2025,1237,Vivian Sweatt,18,"Atlanta, GA",USA,Row Georgia,2000,8:49.6,R,Race
2025,1238,Shrestha Jain,19,"Atlanta, GA",USA,Georgia Tech Rowing Club,2000,8:49.7,R,Race
2025,1239,Isadora Bokas,19,"Atlanta, GA",USA,Georgia Tech Rowing Club,2000,8:50.1,R,Race
2025,1240,Alison Carney,56,,GBR,Atlantic Angels,2000,8:50.3,R,Race
2025,1241,Esther Steier,35,,USA,"Rochester Rowing Club, Minnesota",2000,8:50.5,R,Race
2025,1242,Kiran Jassal,45,,GBR,Seal Personal Training,2000,8:50.6,R,Race
2025,1243,Colleen Chapman,57,ACT,AUS,,2000,8:50.9,R,Race
2025,1244,Anastyn Spivey,13,"Atlanta, GA",USA,Row Georgia,2000,8:51.1,R,Race
2025,1245,John Dawson,80,"Adelaide, SA",AUS,,2000,8:51.3,R,Race
2025,1246,Jamie Tennant,18,,GBR,Marlow Rowing Club,2000,8:51.5,R,Race
2025,1247,Riccardo Annunziata,33,,ITA,Circolo Canottieri Irno,2000,8:51.7,R,Race
2025,1247,Joseph Bopf,17,QLD,AUS,,2000,8:51.7,R,Race
2025,1249,Owen Mallia,26,,MLT,Siggiewi Rowing Club,2000,8:51.8,R,Race
2025,1250,Jan Primmer,62,"Mount Duneed, VIC",AUS,,2000,8:51.9,R,Race
2025,1251,Henry Smith,74,Thurso,GBR,,2000,8:52.1,R,Race
2025,1252,Barbara Seaward,56,QLD,AUS,,2000,8:52.5,R,Race
2025,1253,Sabrina LeBleu,19,"Atlanta, GA",USA,Georgia Tech Rowing Club,2000,8:52.6,R,Race
2025,1253,Amy Lewer,28,,GBR,Royal Army Physical Training Corps,2000,8:52.6,R,Race
2025,1253,Claire Sammut,41,,MLT,Siggiewi Rowing Club,2000,8:52.6,R,Race
2025,1256,Arnie Kaplan,73,,GBR,Seal Personal Training,2000,8:53.0,R,Race
2025,1257,Anne-Marie Patist,72,,NED,WSV Vada,2000,8:53.1,R,Race
2025,1257,Maddie Sorum,27,,USA,Unaffiliated (USA),2000,8:53.1,R,Race
2025,1259,Allison Peck,23,,USA,St. Cloud State University Crew,2000,8:53.9,R,Race
2025,1260,Donna Ross,49,"Atlanta, GA",USA,Allatoona Rowing Association,2000,8:54.8,R,Race
2025,1261,Laura Schirrmacher,48,,GBR,Worcester Rowing Club,2000,8:54.9,R,Race
2025,1262,Jan Primmer,62,,AUS,,2000,8:55.1,R,Race
2025,1263,Susan Kemp,74,,AUS,,2000,8:55.6,R,Race
2025,1264,Francesco Sironi,66,,ITA,Canottieri Tritium,2000,8:55.8,R,Race
2025,1265,Lucy Carter,17,,GBR,Berkhamsted School,2000,8:55.9,R,Race
2025,1266,Monica Pfeifer,54,Wien 🇦🇹,AUT,GERMAN Rowers and FRIENDS United,2000,8:56.0,R,Race
2025,1267,Tina Bryson,45,"Atlanta, GA",USA,,2000,8:56.4,R,Race
2025,1267,Andrew Johnson,81,,GBR,,2000,8:56.4,R,Race
2025,1269,Annapaola Frisina,58,,ITA,Rowing4Us-Raex,2000,8:56.5,R,Race
2025,1270,Romina Vannicelli,48,,ITA,Italiana Fitness,2000,8:56.7,R,Race
2025,1271,Elaine Li,18,"Atlanta, GA",USA,Georgia Tech Rowing Club,2000,8:56.9,R,Race
2025,1272,Jane Ainslie,54,,GBR,,2000,8:57.0,R,Race
2025,1272,Robert Briggs,70,,GBR,,2000,8:57.0,R,Race
2025,1274,William (Bill) Raynel,73,,NZL,,2000,8:57.6,R,Race
2025,1274,Nathan Sandoval,22,,USA,St. Olaf Rowing Club,2000,8:57.6,R,Race
2025,1276,Warner Battle,13,"Atlanta, GA",USA,Allatoona Rowing Association,2000,8:57.7,R,Race
2025,1277,Abigail Barr,19,,AUS,,2000,8:58.0,R,Race
2025,1278,Jana Redman,51,"Atlanta, GA",USA,Allatoona Rowing Association,2000,8:58.2,R,Race
2025,1279,Evie Harrison,16,,GBR,Guildford High School,2000,8:58.4,R,Race
2025,1280,Sue Bezani,59,,GBR,,2000,8:59.0,R,Race
2025,1281,Francesca Tranchina,56,,ITA,Heaven,2000,8:59.1,R,Race
2025,1282,Alyssa Gary,20,"Atlanta, GA",USA,Berry College Viking Crew,2000,8:59.7,R,Race
2025,1282,Martha Owen,64,,GBR,,2000,8:59.7,R,Race
2025,1284,Kavya Kataria,18,"Atlanta, GA",USA,Georgia Tech Rowing Club,2000,9:00.6,R,Race
2025,1285,Clelia Giorno,51,,ITA,Heaven,2000,9:01.7,R,Race
2025,1286,Monica Bortolotto,61,,ITA,Canottieri Tritium,2000,9:02.0,R,Race
2025,1287,Enrico Di Cosimo,72,,ITA,Heaven,2000,9:02.6,R,Race
2025,1288,Hailey Weitzel,19,"Atlanta, GA",USA,Georgia Tech Rowing Club,2000,9:03.5,R,Race
2025,1289,Gaetana Rampley,48,"Atlanta, GA",USA,Allatoona Rowing Association,2000,9:04.1,R,Race
2025,1290,Carol Alker,69,,GBR,Milton Keynes,2000,9:04.2,R,Race
2025,1290,Jo-Anne Taylor,55,,GBR,Joleetoms,2000,9:04.2,R,Race
2025,1292,Sophia Ryzhkov,18,"Atlanta, GA",USA,Georgia Tech Rowing Club,2000,9:04.9,R,Race
2025,1293,Aleksandra Koshcheeva,36,,AIN,,2000,9:05.8,R,Race
2025,1293,Catherine Lightner,15,"Atlanta, GA",USA,"Augusta Rowing Club, Inc.",2000,9:05.8,R,Race
2025,1295,Susan Bezani,58,,GBR,Monmouth Rowing Club,2000,9:06.0,R,Race
2025,1295,Suzanne Briggs,68,,GBR,,2000,9:06.0,R,Race
2025,1297,Snikitha Chelluri,21,"Atlanta, GA",USA,Georgia Tech Rowing Club,2000,9:06.1,R,Race
2025,1298,Myron Smith,75,"Atlanta, GA",USA,,2000,9:07.2,R,Race
2025,1299,Jay Francis,44,,GBR,Marlow Rowing Club,2000,9:07.5,R,Race
2025,1300,Phyllis Lin,19,,USA,St. Olaf Rowing Club,2000,9:09.3,R,Race
2025,1301,Sofiia Biloshytska,16,,UKR,Berkhamsted School,2000,9:09.5,R,Race
2025,1302,Piera Pennelli,58,,ITA,Trevignano Rowing,2000,9:10.0,R,Race
2025,1303,Saleema Manzoor,18,"Atlanta, GA",USA,Georgia Tech Rowing Club,2000,9:10.3,R,Race
2025,1304,Angelika baumeister,73,NSW,AUS,,2000,9:11.8,R,Race
2025,1305,Sade Johnson,51,,GBR,Cool Rowings,2000,9:12.1,R,Race
2025,1306,Alex Roberts,22,,GBR,DeMontfort University Rowing Club,2000,9:12.2,R,Race
2025,1307,Robyn Munsch,50,,USA,Crossfit Progression Rowing,2000,9:12.9,R,Race
2025,1308,Anwen Rosser,50,,GBR,,2000,9:13.5,R,Race
2025,1309,Erin Berglund,25,,USA,"Rochester Rowing Club, Minnesota",2000,9:14.2,R,Race
2025,1310,Ting Zhang,18,,GBR,Berkhamsted School,2000,9:14.9,R,Race
2025,1311,Addalyn Clearie,13,"Atlanta, GA",USA,Row Georgia,2000,9:15.4,R,Race
2025,1312,Ann-Margaret Somers,43,"Atlanta, GA",USA,Allatoona Rowing Association,2000,9:15.5,R,Race
2025,1313,Kelvin Bazley,76,QLD,AUS,,2000,9:15.9,R,Race
2025,1314,Robert Martin,80,"MacLeay Is., QLD",AUS,,2000,9:16.7,R,Race
2025,1314,Maria Mazzola,53,,ITA,Canottieri Tritium,2000,9:16.7,R,Race
2025,1316,Joanna Shepherd,52,,GBR,,2000,9:16.8,R,Race
2025,1317,Louisa Arnold,18,,GBR,Berkhamsted School,2000,9:17.9,R,Race
2025,1317,Mia King,19,"Atlanta, GA",USA,Auburn University Rowing Club,2000,9:17.9,R,Race
2025,1319,Ariel Linton,18,"Atlanta, GA",USA,Auburn University Rowing Club,2000,9:18.8,R,Race
2025,1320,Marian Mitchell,74,Fremantle,AUS,,2000,9:19.0,R,Race
2025,1321,Ivy Seibert,18,,USA,St. Olaf Rowing Club,2000,9:19.2,R,Race
2025,1322,Nina de Goede,49,SA,AUS,,2000,9:19.4,R,Race
2025,1322,Beverley Laundry,78,"Yeppoon, QLD",AUS,,2000,9:19.4,R,Race
2025,1324,Letizia Sonzio,56,,ITA,Trevignano Rowing,2000,9:20.2,R,Race
2025,1325,Barbara Hogan,79,"Hillsborough, NJ",USA,The Diamonds (Over Sixties Erging Group),2000,9:21.2,R,Race
2025,1326,Sue Lo,53,,GBR,Cool Rowings,2000,9:22.3,R,Race
2025,1327,Horace Shuriah,55,,GBR,We Are Invictus,2000,9:22.7,R,Race
2025,1328,Maria Weekes,66,NSW,AUS,,2000,9:22.9,R,Race
2025,1329,Alessandra Lucidi,55,,ITA,Heaven,2000,9:23.2,R,Race
2025,1329,Stephen Montague,41,,GBR,Marlow,2000,9:23.2,R,Race
2025,1331,Kate Lemon,52,,GBR,CrossFit Eaher,2000,9:25.3,R,Race
2025,1332,Dimitra Kiotsekoglou,47,,GRE,The Scullers,2000,9:25.9,R,Race
2025,1333,Alexander Rizenko,73,,GBR,The Diamonds (Over Sixties Erging Group),2000,9:26.3,R,Race
2025,1334,Robyn Meikle,54,"Beaconsfield, VIC",AUS,,2000,9:26.6,R,Race
2025,1335,Beverley Laundry,77,QLD,AUS,,2000,9:26.8,R,Race
2025,1335,Madelyn Waltzing,20,,USA,St. Cloud State University Crew,2000,9:26.8,R,Race
2025,1337,Garry Leach,86,,AUS,,2000,9:27.4,R,Race
2025,1338,Patricia Taylor,72,,GBR,Mercian Fitness,2000,9:28.1,R,Race
2025,1339,Sarah Adee,16,"Atlanta, GA",USA,"Augusta Rowing Club, Inc.",2000,9:29.6,R,Race
2025,1340,Maria Grazia Barberi,68,,ITA,Cc 3Ponti,2000,9:29.9,R,Race
2025,1341,Victoria Lightner,13,"Atlanta, GA",USA,"Augusta Rowing Club, Inc.",2000,9:30.1,R,Race
2025,1342,Maurilio Vaccaro,56,,ITA,Rowing Team Catania,2000,9:30.8,R,Race
2025,1343,Salvatore Galofaro,67,"Hoppers Crossing, VIC",AUS,,2000,9:31.4,R,Race
2025,1344,david full,66,NSW,AUS,,2000,9:31.5,R,Race
2025,1345,Deb Gillham,62,"North Mackay, QLD",AUS,,2000,9:32.3,R,Race
2025,1346,Adelya Shakhaidar,22,"Atlanta, GA",USA,Georgia Tech Rowing Club,2000,9:34.4,R,Race
2025,1347,Sara Alger,62,VIC,AUS,,2000,9:34.5,R,Race
2025,1348,Corinne White,71,,GBR,Mercian Team,2000,9:35.8,R,Race
2025,1349,Wendy Hoven,64,"Alstonville, NSW",AUS,,2000,9:36.0,R,Race
2025,1349,Arianna Tabellini,43,,ITA,Trevignano Rowing,2000,9:36.0,R,Race
2025,1351,Tanya Bosch,68,"Sydney, NSW",AUS,The Diamonds (Over Sixties Erging Group),2000,9:36.1,R,Race
2025,1352,Girolamo Di Fazio,76,,ITA,Rowing Team Catania,2000,9:37.0,R,Race
2025,1353,Kayla Holland,18,"Atlanta, GA",USA,Georgia Tech Rowing Club,2000,9:37.5,R,Race
2025,1354,Becky Gaensbauer,51,"Rochester, MN",USA,"Rochester Rowing Club, Minnesota",2000,9:37.7,R,Race
2025,1355,Zaynab Ul-Haq,17,,GBR,Berkhamsted School,2000,9:37.9,R,Race
2025,1356,Giulia La Neve,44,,ITA,Asd The Core Canottaggio Sabaudia,2000,9:39.4,R,Race
2025,1357,Rachel Cashmore,54,,GBR,Malvern Active,2000,9:39.8,R,Race
2025,1358,Paula Moorhouse,75,QLD,AUS,,2000,9:40.9,R,Race
2025,1359,Yvonne Day,69,,GBR,Cool Rowings,2000,9:41.5,R,Race
2025,1360,Madelyn Muraoka,21,"Atlanta, GA",USA,Berry College Viking Crew,2000,9:41.8,R,Race
2025,1361,David Simpson,75,"Chermside, QLD",AUS,,2000,9:43.0,R,Race
2025,1362,Brian Kille,84,ACT,AUS,,2000,9:43.4,R,Race
2025,1363,Sue McCormick,73,QLD,AUS,,2000,9:43.9,R,Race
2025,1363,Zixuan Pan,18,"Atlanta, GA",USA,Georgia Tech Rowing Club,2000,9:43.9,R,Race
2025,1365,Elizabeth Eldeiry,19,"Atlanta, GA",USA,Georgia Tech Rowing Club,2000,9:44.3,R,Race
2025,1366,Caroline Richings,54,,GBR,Bristol Ariel Rowing Club,2000,9:44.5,R,Race
2025,1367,Bett Osborne,79,,GBR,David Lloyd Bromsgrove,2000,9:46.0,R,Race
2025,1368,Carla Santucci,62,,ITA,Heaven,2000,9:47.3,R,Race
2025,1369,Mary Jane Carey,66,,GBR,,2000,9:47.9,R,Race
2025,1370,Moira Maloney,58,ACT,AUS,,2000,9:48.4,R,Race
2025,1371,Dyanna Benny,73,"Marrickville, NSW",AUS,,2000,9:50.1,R,Race
2025,1372,Katrina Trivers,49,"Atlanta, GA",USA,FitWit,2000,9:50.9,R,Race
2025,1373,Luciana Cardi,71,,ITA,Heaven,2000,9:51.4,R,Race
2025,1374,Gabriele Di Dio,20,,ITA,Rowing Team Catania,2000,9:51.8,R,Race
2025,1375,Kim Doherty,78,WA,AUS,,2000,9:52.3,R,Race
2025,1376,Maxine Jongerden,65,"Thornton, NSW",AUS,,2000,9:53.2,R,Race
2025,1377,Jan Zilm,75,,AUS,,2000,9:53.9,R,Race
2025,1378,Monika Molloy,68,,GBR,,2000,9:54.4,R,Race
2025,1379,Carol Sharratt,65,,GBR,,2000,9:56.3,R,Race
2025,1380,Elisabetta Cannas,60,,ITA,Heaven,2000,9:57.3,R,Race
2025,1381,Don Henderson,77,QLD,AUS,,2000,9:58.7,R,Race
2025,1382,Payton Chambley,13,"Atlanta, GA",USA,Allatoona Rowing Association,2000,10:01.0,R,Race
2025,1383,Jodie Playford,58,"Berowra Heights, NSW",AUS,,2000,10:04.1,R,Race
2025,1384,Shanzae Mirza,18,,GBR,Berkhamsted School,2000,10:04.9,R,Race
2025,1385,Cheryl Warrior,76,"Geelong, VIC",AUS,,2000,10:05.0,R,Race
2025,1386,Verne A,10,,FIN,,2000,10:05.6,R,Race
2025,1387,Oliver Pirotta,11,,MLT,Siggiewi Rowing Club,2000,10:07.3,R,Race
2025,1388,Assunta Mariani,74,,ITA,Trevignano Rowing,2000,10:07.9,R,Race
2025,1389,Angela Maria Sambataro,44,,ITA,O2 Sport Club,2000,10:08.7,R,Race
2025,1390,Betty Menzies,80,"St Lucia, QLD",AUS,,2000,10:12.9,R,Race
2025,1391,Brody Reilly,12,"Atlanta, GA",USA,Row Georgia,2000,10:13.8,R,Race
2025,1392,Sarah Millington,43,,GBR,,2000,10:15.4,R,Race
2025,1393,Jim Penfold,86,"Glengowrie, SA",AUS,,2000,10:16.9,R,Race
2025,1394,Colin Lloyd,82,,GBR,Bridgnorth Rowing Club,2000,10:17.9,R,Race
2025,1395,Leeanne Hart,65,QLD,AUS,,2000,10:20.4,R,Race
2025,1396,Gladys Amestoy,69,NSW,AUS,,2000,10:21.0,R,Race
2025,1397,Cristin Smith,65,QLD,AUS,,2000,10:21.3,R,Race
2025,1398,Doris Matlok,55,"Kingswood, NSW",AUS,,2000,10:23.6,R,Race
2025,1399,Ladimeji-Taiwo Dayo,66,,GBR,Cool Rowings,2000,10:24.5,R,Race
2025,1400,Meeri Vaakanainen,77,,FIN,,2000,10:26.0,R,Race
2025,1401,Rex Smith,80,,GBR,Seal Personal Training,2000,10:26.8,R,Race
2025,1402,Jenny Doak,76,QLD,AUS,,2000,10:28.6,R,Race
2025,1403,Christine Williams,63,QLD,AUS,,2000,10:29.2,R,Race
2025,1404,David Taylor,78,,GBR,,2000,10:30.1,R,Race
2025,1405,Cristina Oasi,66,,ITA,Heaven,2000,10:30.6,R,Race
2025,1406,Irene Lysons,77,,GBR,Gym Mostyn,2000,10:30.9,R,Race
2025,1407,Irene Lysons,77,,GBR,,2000,10:31.9,R,Race
2025,1408,June Johnson,80,,GBR,,2000,10:35.5,R,Race
2025,1409,Lucy Sharp,77,"Atlanta, GA",USA,,2000,10:39.6,R,Race
2025,1410,Bittu Choudhary,37,Chandigarh,IND,,2000,10:43.7,R,Race
2025,1411,​Merleyne Lewis,76,,GBR,Cool Rowings,2000,10:44.4,R,Race
2025,1412,Heather Jordan,70,,GBR,Cool Rowings,2000,10:48.0,R,Race
2025,1413,Abigail Mathews,24,"Atlanta, GA",USA,Georgia Tech Rowing Club,2000,10:52.7,R,Race
2025,1414,Janet Miller,52,,GBR,Cool Rowings,2000,10:53.2,R,Race
2025,1415,Marcia Williams,67,,GBR,Cool Rowings,2000,10:53.3,R,Race
2025,1416,Laurel Daley,71,,GBR,Cool Rowings,2000,10:53.8,R,Race
2025,1417,Tristin Condon,44,,AUS,,2000,10:58.8,R,Race
2025,1418,Minji Ai,29,"Rochester, MN",USA,"Rochester Rowing Club, Minnesota",2000,11:03.9,R,Race
2025,1419,Baya Reeves,12,"Atlanta, GA",USA,Allatoona Rowing Association,2000,11:13.1,R,Race
2025,1420,Kaye Strange,57,,AUS,,2000,11:17.7,R,Race
2025,1421,Patricia Hagen,76,,AUS,,2000,11:23.2,R,Race
2025,1422,Maria James,3,,MLT,Siggiewi Rowing Club,2000,11:24.0,R,Race
2025,1422,Maria James,23,,MLT,Siggiewi Rowing Club,2000,11:24.0,R,Race
2025,1424,Eddie Drayton,79,,GBR,Cool Rowings,2000,11:26.6,R,Race
2025,1425,Elisabetta Umiliani,62,,ITA,Heaven,2000,11:28.7,R,Race
2025,1426,Sebastiano Giuffrida,24,,ITA,O2 Sport Club,2000,11:29.2,R,Race
2025,1427,Wendy Coghill,78,"Wurtulla, QLD",AUS,,2000,11:30.5,R,Race
2025,1428,Jennifer Henry,72,,GBR,Cool Rowings,2000,11:41.5,R,Race
2025,1429,Abigail Laferla,24,,MLT,Siggiewi Rowing Club,2000,11:44.0,R,Race
2025,1430,Cherry Woodroffe,71,,GBR,Cool Rowings,2000,11:52.0,R,Race
2025,1431,Flora McCloud,41,,GBR,,2000,11:53.4,R,Race
2025,1432,China Johnson,95,,AUS,,2000,11:54.9,R,Race
2025,1433,Amanda Singleton,32,"Atlanta, GA",USA,"Atlanta Rowing Club, Inc.",2000,11:58.9,R,Race
2025,1434,Ann Glasgow,78,,GBR,Cool Rowings,2000,12:01.2,R,Race
2025,1435,Colin Brien,77,,GBR,Cool Rowings,2000,12:10.3,R,Race
2025,1436,Daniela Cachia,43,,GBR,Siggiewi Rowing Club,2000,12:13.9,R,Race
2025,1437,Angela Fasolo,77,,ITA,Heaven,2000,12:16.4,R,Race
2025,1438,Carmelo Barcella,59,,ITA,Rowing Team Catania,2000,12:21.1,R,Race
2025,1439,Hazel Parkins,86,,GBR,Cool Rowings,2000,12:27.8,R,Race
2025,1440,Sharon Wallace,54,,IRL,"St Andrew BC, Edinburgh",2000,12:32.4,R,Race
2025,1441,Valerie Coleman,96,,GBR,,2000,12:45.4,R,Race
2025,1442,Daniela Cachia,43,,MLT,Siggiewi Rowing Club,2000,13:01.4,R,Race
2025,1443,Joan Morris,77,,GBR,Cool Rowings,2000,13:01.7,R,Race
2025,1444,Margaret Forbes-Biram,79,"Whittington, VIC",AUS,,2000,14:02.1,R,Race
2025,1445,Theresa Phillips,87,,GBR,Cool Rowings,2000,14:12.8,R,Race
2025,1446,Graham Burns,45,,GBR,Marlow,2000,15:02.3,R,Race
2025,1447,Rekha Shah,67,,GBR,Cool Rowings,2000,15:53.4,R,Race
2025,1448,Michele Di Dio,20,,ITA,Rowing Team Catania,2000,17:29.5,R,Race
2025,1449,Myrtle Laing,80,,GBR,Cool Rowings,2000,20:49.4,R,Race
2026,1,Tobias Schr&ouml;der,26,,GBR,GB Rowing Team,2000,5:47.9,R,Race
2026,2,Archie Drummond,23,,GBR,GB Rowing Team,2000,5:49.3,R,Race
2026,3,Callum Dixon,25,,GBR,GB Rowing Team,2000,5:50.6,R,Race
2026,4,Fergus Woolnough,23,,GBR,GB Rowing Team,2000,5:52.5,R,Race
2026,5,Matt Haywood,27,,GBR,GB Rowing Team,2000,5:52.7,R,Race
2026,6,James Cartwright,25,,GBR,GB Rowing Team,2000,5:53.0,R,Race
2026,7,Cedol Dafyd,25,,GBR,GB Rowing Team,2000,5:54.1,R,Race
2026,8,George Bourne,27,,GBR,GB Rowing Team,2000,5:54.3,R,Race
2026,9,James Robson,31,,GBR,GB Rowing Team,2000,5:54.8,R,Race
2026,10,Sam Nunn,29,,GBR,GB Rowing Team,2000,5:55.4,R,Race
2026,10,Adam Oliver,25,,GBR,Tideway Scullers School,2000,5:55.4,R,Race
2026,12,Tomasz Cichocki,39,,POL,Sub7,2000,5:57.3,R,Race
2026,13,David Bewicke Copley,28,,GBR,GB Rowing Team,2000,5:58.3,R,Race
2026,14,Tom Peszek,41,,USA,SDRC,2000,5:58.9,R,Race
2026,15,Will Stewart,28,,GBR,GB Rowing Team,2000,5:59.1,R,Race
2026,16,Jamie Gare,25,,GBR,GB Rowing Team,2000,5:59.3,R,Race
2026,17,Miles Beeson,24,,GBR,GB Rowing Team,2000,5:59.8,R,Race
2026,18,Toby Lassen,23,,GBR,GB Rowing Team,2000,6:01.5,R,Race
2026,19,James Vogel,28,,GBR,GB Rowing Team,2000,6:02.1,R,Race
2026,19,Tristan Vouilloz,32,,GBR,PHX Gym,2000,6:02.1,R,Race
2026,21,Ben Stephens,33,,GBR,York City RC,2000,6:02.3,R,Race
2026,22,Matt Aldridge,29,,GBR,GB Rowing Team,2000,6:02.5,R,Race
2026,23,Dan Graham,26,,GBR,GB Rowing Team,2000,6:03.9,R,Race
2026,24,Douwe de Graf,25,,GBR,GB Rowing Team,2000,6:04.2,R,Race
2026,25,Joshua Bowesman Jones,26,,GBR,GB Rowing Team,2000,6:04.3,R,Race
2026,25,Rory Harris,27,,GBR,GB Rowing Team,2000,6:04.3,R,Race
2026,27,Liam Conneely,38,,GBR,Lincoln Rowing Centre,2000,6:04.6,R,Race
2026,28,Jim Berriman,43,,GBR,Army Indoor Rowing Team,2000,6:08.2,R,Race
2026,29,Thomas Pakulis,18,,GBR,Lea Rowing Club,2000,6:09.6,R,Race
2026,29,Jacob Steele,22,,GBR,,2000,6:09.6,R,Race
2026,31,Sam Blythe,49,,GBR,Fitness Matters,2000,6:10.2,R,Race
2026,32,Chris Power,39,,GBR,SPU,2000,6:11.1,R,Race
2026,33,Hugh Morris,25,,GBR,Lea Rowing Club,2000,6:12.1,R,Race
2026,33,Jancarlos Tineo,31,Santiago de los Caballeros,DOM,Federación Dominicana de Remo y Canotaje,2000,6:12.1,R,Race
2026,35,Jacob Yeager,20,"Atlanta, GA",USA,"The Rowing Team at the University of Georgia, Inc.",2000,6:12.4,R,Race
2026,36,Charles Wu,34,"Atlanta, GA",USA,"Atlanta Rowing Club, Inc.",2000,6:12.7,R,Race
2026,37,James Hudson,44,,GBR,The Delivery Room,2000,6:12.8,R,Race
2026,38,Michael Collins,42,,GBR,,2000,6:13.7,R,Race
2026,38,Lo&iuml;c Schalbetter,27,,GBR,,2000,6:13.7,R,Race
2026,40,Ewan Mccrorie,23,,GBR,RNRA,2000,6:14.3,R,Race
2026,41,Andrew Cobbold,44,,GBR,RNRA,2000,6:14.7,R,Race
2026,42,Ben Fitzmartin,35,,GBR,,2000,6:15.0,R,Race
2026,43,Toby Clay,52,,GBR,EPTI,2000,6:15.7,R,Race
2026,44,David Watson,32,"Atlanta, GA",USA,Unaffiliated (USA),2000,6:15.8,R,Race
2026,45,Eric Madden,45,"Atlanta, GA",USA,Unaffiliated (USA),2000,6:16.0,R,Race
2026,46,Justin Brown,40,,USA,Sub 7 Indoor Rowing Club,2000,6:16.7,R,Race
2026,46,Harvey Lunn,22,,GBR,Uni of Plymouth RC/Dart Totnes Amateur RC,2000,6:16.7,R,Race
2026,48,Christian Struck,45,,GBR,,2000,6:16.8,R,Race
2026,49,Ignacio V&aacute;squez&nbsp;,37,Santiago de los Caballeros,DOM,Federación Dominicana de Remo y Canotaje,2000,6:16.9,R,Race
2026,50,Jonathan Evers,20,"Atlanta, GA",USA,Wake Forest University Rowing Club,2000,6:17.3,R,Race
2026,51,Peter Dixon,31,,GBR,,2000,6:18.5,R,Race
2026,52,Thomas Hardcastle,34,,GBR,British Army,2000,6:19.0,R,Race
2026,53,Ben Jago,46,,GBR,Sub 7 IRC,2000,6:19.1,R,Race
2026,54,Callum Ramsay,34,,GBR,,2000,6:19.5,R,Race
2026,55,Herbert Sloan,18,,GBR,University of Exeter Boat Club,2000,6:19.8,R,Race
2026,55,Adriaan Venter,31,"Atlanta, GA",USA,"Atlanta Rowing Club, Inc.",2000,6:19.8,R,Race
2026,57,Ryan Corcoran,48,,IRL,Curracloe Rowing Club,2000,6:19.9,R,Race
2026,58,Jesse Palmer,21,"Atlanta, GA",USA,Georgia Tech Rowing Club,2000,6:22.2,R,Race
2026,59,Alberto Fernandez Diez,41,,ESP,CN Navarra,2000,6:22.5,R,Race
2026,60,Thomas Hardcastle,34,,GBR,,2000,6:23.2,R,Race
2026,60,Callum Ramsay,35,,GBR,Windermere Rowing Club,2000,6:23.2,R,Race
2026,62,Ethan Frost,20,,GBR,Dart Totnes Amatuer,2000,6:23.6,R,Race
2026,62,Teddy Sherman,21,,GBR,Leicester Rowing Club,2000,6:23.6,R,Race
2026,64,Llewellyn Statton,32,,GBR,The Delivery Room,2000,6:23.7,R,Race
2026,65,Harrison Thomas,17,,AUS,,2000,6:24.0,R,Race
2026,66,Rhydian Gierat,40,,GBR,Sub7 IRC,2000,6:24.4,R,Race
2026,67,Bryce Hamilton,20,"Atlanta, GA",USA,Lake Lanier Rowing Club,2000,6:24.6,R,Race
2026,68,Freid Eggum,51,,NOR,Mot gym,2000,6:24.7,R,Race
2026,68,Robbie Whitefield,35,,GBR,London Fire Brigade,2000,6:24.7,R,Race
2026,70,Spencer Davey,42,,GBR,The Delivery Room,2000,6:24.9,R,Race
2026,71,Connor Peterson,19,"Atlanta, GA",USA,Georgia Tech Rowing Club,2000,6:25.0,R,Race
2026,72,Sam Brooks,47,,USA,,2000,6:25.5,R,Race
2026,73,Michael Kostur,51,,IRL,Rowfit,2000,6:25.6,R,Race
2026,74,Rob Phillips,41,,GBR,Sub7 IRC,2000,6:25.7,R,Race
2026,75,Ciaran Ruddock,36,,IRL,FFS Gym,2000,6:26.9,R,Race
2026,76,Dylan Dragswiek,47,,USA,Sub7,2000,6:27.3,R,Race
2026,77,Matthew Ashra-Blundell,43,,GBR,Catford Crossfit,2000,6:27.7,R,Race
2026,77,Ian Wilde,48,,GBR,,2000,6:27.7,R,Race
2026,77,Jimmy wilson,40,"Atlanta, GA",USA,Unaffiliated (USA),2000,6:27.7,R,Race
2026,80,Caine Stringer,50,,GBR,,2000,6:27.8,R,Race
2026,81,Johan Kl&aelig;mintson Jacobsen,41,Sk&aacute;lav&iacute;k 🇫🇴,FRO,,2000,6:27.9,R,Race
2026,82,Rob Wood,36,,GBR,,2000,6:28.5,R,Race
2026,83,Oliver Gray,37,,GBR,,2000,6:28.7,R,Race
2026,83,Ian Wilde,48,,GBR,Sub 7 IRC,2000,6:28.7,R,Race
2026,85,Tom Chamberlain,38,,AUS,,2000,6:29.1,R,Race
2026,86,Joseph Naughton,51,,IRL,Track Fit,2000,6:29.3,R,Race
2026,87,Tom Miller,36,,GBR,Curracloe Rowing Club,2000,6:29.6,R,Race
2026,87,Joey Wurtz,56,,USA,TDR,2000,6:29.6,R,Race
2026,89,Adrian Peel,56,,GBR,Team Oarsome,2000,6:29.7,R,Race
2026,90,Blayden Meagher,34,,AUS,,2000,6:29.8,R,Race
2026,91,Dave Williams,38,,GBR,,2000,6:29.9,R,Race
2026,92,William Lamb,34,,GBR,,2000,6:30.0,R,Race
2026,93,Alexander Keifer,20,"Atlanta, GA",USA,"The Rowing Team at the University of Georgia, Inc.",2000,6:30.4,R,Race
2026,93,Joe Ledvina,37,"Atlanta, GA",USA,Potomac Boat Club,2000,6:30.4,R,Race
2026,95,David Woodhouse,47,,AUS,,2000,6:30.6,R,Race
2026,96,David Rackstraw,43,,GBR,Top Tuggers,2000,6:30.8,R,Race
2026,97,Sam Collins,37,,GBR,St Helena,2000,6:31.3,R,Race
2026,98,Tommy Baker,26,,IRL,Maidenhead Rowing Club,2000,6:31.6,R,Race
2026,98,Daniel Thornton,44,,GBR,,2000,6:31.6,R,Race
2026,100,Stewart Moss,55,,GBR,RNRA,2000,6:31.7,R,Race
2026,100,Glen Remnant,54,,GBR,,2000,6:31.7,R,Race
2026,102,Ramsey Kechacha,33,,GBR,,2000,6:31.8,R,Race
2026,103,Johan Kl&aelig;mintson Jacobsen,41,,NOR,Havnar Róðrarfelag,2000,6:32.1,R,Race
2026,104,Daniel Corbett,17,,GBR,City of Cambridge,2000,6:32.3,R,Race
2026,104,Christoph Niederbroker,30,"Atlanta, GA",USA,"North Charlotte Rowing, Inc. dba Belmont Rowing Center",2000,6:32.3,R,Race
2026,104,Jack Rachaner,15,"Atlanta, GA",USA,North Palm Beach Rowing Club,2000,6:32.3,R,Race
2026,107,Daniel Collins,40,,IRL,City of Derry Boating Club,2000,6:33.4,R,Race
2026,107,John-Joe Cottam,47,,GBR,Henley,2000,6:33.4,R,Race
2026,109,Marek Hebda,60,,GBR,,2000,6:33.7,R,Race
2026,110,Raymond Chambers,39,,GBR,Marlow Rowing Club,2000,6:34.0,R,Race
2026,111,Chris Smith,37,,GBR,,2000,6:34.2,R,Race
2026,112,Christopher Calderwood,23,"Atlanta, GA",USA,Wake Forest University Rowing Club,2000,6:34.4,R,Race
2026,112,stephen cross,23,"Atlanta, GA",USA,Georgia Tech Rowing Club,2000,6:34.4,R,Race
2026,114,Ade Peel,55,,GBR,,2000,6:34.5,R,Race
2026,115,Pauli Joensen,17,,NOR,Tindur,2000,6:34.7,R,Race
2026,116,Steve Kearsey,40,,GBR,,2000,6:35.1,R,Race
2026,116,Jack Webber,31,,GBR,Sub 7 IRC,2000,6:35.1,R,Race
2026,118,Jackson MacLean,20,,USA,Cougar Rowing Association,2000,6:35.2,R,Race
2026,119,Edgar Anpilogov,17,,GBR,Canford School,2000,6:35.4,R,Race
2026,120,Ollie Coulson,24,,GBR,Britannia Royal Naval College + Mad Team IRC,2000,6:35.6,R,Race
2026,121,Michael Evans,55,,GBR,,2000,6:35.7,R,Race
2026,122,Robert Holbrook,37,,GBR,RNRA,2000,6:36.2,R,Race
2026,123,Roderlin Rosario,22,Santiago de los Caballeros,DOM,Federación Dominicana de Remo y Canotaje,2000,6:36.3,R,Race
2026,123,Miles Welch,53,,GBR,Marlow Rowing Club,2000,6:36.3,R,Race
2026,125,Shaun Scott,35,,GBR,,2000,6:36.5,R,Race
2026,126,Michael Malone,43,"Atlanta, GA",USA,Potomac Boat Club,2000,6:36.6,R,Race
2026,127,Stephen Bailey,56,,GBR,,2000,6:36.8,R,Race
2026,128,Rhian Hastey,39,,GBR,Doncaster,2000,6:36.9,R,Race
2026,128,Aidan Leverage,20,,GBR,Epilepsy Action,2000,6:36.9,R,Race
2026,130,Ben Gallagher,38,,GBR,We Are Invictus,2000,6:37.0,R,Race
2026,131,Ben Gurney,36,,GBR,,2000,6:37.3,R,Race
2026,131,paul morton,61,"Atlanta, GA",USA,"Jacksonville Rowing Club, Inc.",2000,6:37.3,R,Race
2026,133,Johnny Robinson,20,,GBR,University of York Boat Club,2000,6:37.6,R,Race
2026,134,Luke Gilmore,33,,GBR,RNRA,2000,6:37.8,R,Race
2026,134,Stephen Hammond,37,"Atlanta, GA",USA,"Atlanta Rowing Club, Inc.",2000,6:37.8,R,Race
2026,136,Erik Bakken,20,"Atlanta, GA",USA,Lake Lanier Rowing Club,2000,6:37.9,R,Race
2026,137,Ole Kristian Karlsen,61,,NOR,Skullerud Sportsklubb roing,2000,6:38.0,R,Race
2026,138,Paul Hodgetts,44,,GBR,MKTF,2000,6:38.1,R,Race
2026,138,Neil Ready,48,,GBR,,2000,6:38.1,R,Race
2026,140,Charlie Twallin,37,,GBR,London RC,2000,6:39.1,R,Race
2026,141,Laurent ZMUDA,55,Valenciennes,FRA,FRENCH INDOOR ROWERS TEAM,2000,6:39.2,R,Race
2026,142,Matthew Kent,43,,GBR,Active Leicester Gym,2000,6:39.3,R,Race
2026,143,Paul Sanderson,58,,GBR,,2000,6:39.4,R,Race
2026,144,John Michael,45,,GBR,,2000,6:39.7,R,Race
2026,145,Lauren Henry,26,,GBR,GB Rowing Team,2000,6:39.8,R,Race
2026,145,Stephen Medlin,20,"Atlanta, GA",USA,Lake Lanier Rowing Club,2000,6:39.8,R,Race
2026,147,Martin Hamer,36,,GBR,Red Line Rowers,2000,6:40.3,R,Race
2026,147,Thomas Mcbride,31,,GBR,Army Rowing Club,2000,6:40.3,R,Race
2026,149,Joe Warren,40,,GBR,The Wally Challenge Rowing Club,2000,6:40.5,R,Race
2026,150,Jonathan Hargreaves,38,,GBR,,2000,6:40.6,R,Race
2026,151,Raffael Scialo,37,,GBR,,2000,6:40.7,R,Race
2026,152,James Mckay,33,,GBR,,2000,6:40.8,R,Race
2026,153,Bulut Onoz,16,"Atlanta, GA",USA,Unaffiliated (USA),2000,6:40.9,R,Race
2026,154,Arturas Radziunas,51,,LTU,,2000,6:41.1,R,Race
2026,154,Collin Wyant,21,,USA,St. Olaf Rowing Club,2000,6:41.1,R,Race
2026,156,Darran Hoare,53,,GBR,RNRA,2000,6:41.3,R,Race
2026,156,Charro Wood,45,,GBR,,2000,6:41.3,R,Race
2026,158,William Turner,17,,GBR,Canford School,2000,6:41.5,R,Race
2026,159,Jeffrey Bolle,45,"Atlanta, GA",USA,"Atlanta Rowing Club, Inc.",2000,6:41.6,R,Race
2026,160,Simon Plummer,56,,AUS,,2000,6:41.8,R,Race
2026,161,Matt Jackson,53,,GBR,RNRA,2000,6:41.9,R,Race
2026,162,Mike Senior,42,,GBR,Gym Mostyn,2000,6:42.0,R,Race
2026,163,Robert Morris,43,,GBR,,2000,6:42.4,R,Race
2026,164,James Bradley,32,,GBR,,2000,6:42.5,R,Race
2026,165,Luke Gilmore,32,,GBR,,2000,6:42.7,R,Race
2026,166,Freddie Fielding,17,,GBR,RGS Worcester,2000,6:43.7,R,Race
2026,166,Nathan Wiley,37,,GBR,Battersea M,2000,6:43.7,R,Race
2026,168,Chris Walls,44,,GBR,,2000,6:43.9,R,Race
2026,169,Ulf Herzog,50,,GER,Royal Chester Rowing Club,2000,6:44.5,R,Race
2026,170,Christopher Fenn,33,,GBR,RNRA,2000,6:44.7,R,Race
2026,170,Joshua Mowbray,19,,GBR,,2000,6:44.7,R,Race
2026,172,Neon O&#039;brien,30,,GBR,Army Rowing Club,2000,6:44.8,R,Race
2026,173,Adri&aacute;n Pe&ntilde;a,17,Santiago de los Caballeros,DOM,Federación Dominicana de Remo y Canotaje,2000,6:45.0,R,Race
2026,174,Simon Wallis,39,,GBR,Wally Challenge Rowing Club (WCRC),2000,6:45.1,R,Race
2026,175,Richard Chambers,40,,GBR,,2000,6:45.3,R,Race
2026,175,Joseph Wiltanger,21,"Atlanta, GA",USA,Georgia Tech Rowing Club,2000,6:45.3,R,Race
2026,177,German Rendo Ximeno,56,,ESP,Club Remo Do Miño,2000,6:45.4,R,Race
2026,178,Luke Rhodes,22,"Atlanta, GA",USA,Georgia Tech Rowing Club,2000,6:45.5,R,Race
2026,179,Malcolm Griffin,62,,GBR,Warwick Boat Club,2000,6:45.6,R,Race
2026,180,Henk-Jaap Wagenaar,33,,GBR,Thames Valley Park Rowing Club,2000,6:45.8,R,Race
2026,180,Rebecca Wilde,27,,GBR,GB Rowing Team,2000,6:45.8,R,Race
2026,182,Blake Pond,43,,GBR,Nopinz Ltd,2000,6:45.9,R,Race
2026,183,Steve Moss,57,,GBR,Belerion Cornwall,2000,6:46.0,R,Race
2026,184,Emerson Wright,18,"Atlanta, GA",USA,Lake Lanier Rowing Club,2000,6:46.1,R,Race
2026,185,Albert Thompson,29,,GBR,,2000,6:46.2,R,Race
2026,186,Wyatt Lorenz,18,,USA,Long Lake Rowing Crew,2000,6:46.3,R,Race
2026,186,Wilson Restituyo,19,Santiago de los Caballeros,DOM,Federación Dominicana de Remo y Canotaje,2000,6:46.3,R,Race
2026,188,John Scott,63,,GBR,,2000,6:46.4,R,Race
2026,188,Hayo Wagenaar,59,,NED,Rowfit,2000,6:46.4,R,Race
2026,190,Richard Pruce,57,,GBR,Sub7 IRC & Fairlop Rowing Club,2000,6:46.7,R,Race
2026,191,Paul Clarke,38,,GBR,,2000,6:46.9,R,Race
2026,192,Charles Coussens,34,,GBR,Army Rowing,2000,6:47.0,R,Race
2026,193,Carl Peasnell,51,,GBR,Walbrook Rowing Club,2000,6:47.1,R,Race
2026,194,Sam Macintosh,46,,GBR,,2000,6:47.4,R,Race
2026,194,Simon Marren,39,,GBR,Clydesdale ARC,2000,6:47.4,R,Race
2026,194,Jan Tanti,35,,MLT,Siġġiewi Rowing Club,2000,6:47.4,R,Race
2026,197,Charles Smith,46,,GBR,Z Force,2000,6:47.5,R,Race
2026,198,Gareth Bingham,52,,GBR,Bristol Gig Club,2000,6:48.1,R,Race
2026,199,Tom Marriott,44,,GBR,Portadown Boat Club,2000,6:48.3,R,Race
2026,200,Lauren Irwin,27,,GBR,GB Rowing Team,2000,6:48.4,R,Race
2026,201,Stewart Edmondson,60,,GBR,Gym Mostyn,2000,6:48.5,R,Race
2026,202,Paul Westfoot,52,,GBR,Sub 7 IRC,2000,6:48.6,R,Race
2026,203,Christer Fiege-Kollmann,65,,USA,SDRC,2000,6:48.7,R,Race
2026,203,Anthony Hooton,45,,GBR,Peterborough City Rowing Club,2000,6:48.7,R,Race
2026,205,Duncan Strachan,31,,GBR,Warwick Boat Club,2000,6:48.8,R,Race
2026,206,Harry Mistry,16,,GBR,Eton Excelsior,2000,6:49.0,R,Race
2026,206,Stephen Redman,50,,GBR,,2000,6:49.0,R,Race
2026,206,Lizzie Witt,25,,GBR,GB Rowing Team,2000,6:49.0,R,Race
2026,209,Richard Tremere,46,,GBR,,2000,6:49.3,R,Race
2026,210,Hannah Scott,26,,GBR,GB Rowing Team,2000,6:49.4,R,Race
2026,211,Cooper Grant,21,"Atlanta, GA",USA,Georgia Tech Rowing Club,2000,6:49.6,R,Race
2026,211,Stu Wenman,52,,GBR,Team Oarsome,2000,6:49.6,R,Race
2026,213,Ryan Goembel,17,"Atlanta, GA",USA,Row Georgia,2000,6:49.9,R,Race
2026,214,Matti Kurki,50,K&auml;rk&ouml;l&auml;,FIN,,2000,6:50.0,S,Race
2026,215,Alexis Hayler-Hughes,17,,GBR,Queen Elizabeth High School Rowing Club,2000,6:50.2,R,Race
2026,216,Darren Braybrook,36,,GBR,GreenlightPT,2000,6:50.4,R,Race
2026,217,Nigel Shimmin,49,,GBR,,2000,6:50.8,R,Race
2026,218,Sahil Desai,23,"Atlanta, GA",USA,Georgia Tech Rowing Club,2000,6:50.9,R,Race
2026,219,Juliette Perry,28,,GBR,GB Rowing Team,2000,6:51.0,R,Race
2026,220,Jonathan Ede,44,,GBR,Fuel Training Club,2000,6:51.1,R,Race
2026,221,Scott Jenkins,55,,GBR,CrossFit Blackwater,2000,6:51.3,R,Race
2026,222,Will Randall,38,,GBR,London RC,2000,6:51.5,R,Race
2026,223,Joseph &quot;JT&quot; Cummings,18,"Atlanta, GA",USA,Lake Lanier Rowing Club,2000,6:52.2,R,Race
2026,224,Angharad Broughton,24,,GBR,GB Rowing Team,2000,6:52.3,R,Race
2026,225,Drew Bailey,50,,GBR,,2000,6:52.4,R,Race
2026,225,Luke Kirwan,51,,AUS,,2000,6:52.4,R,Race
2026,227,Eric Elbel Eric Elbel,49,"Atlanta, GA",USA,Unaffiliated (USA),2000,6:52.7,R,Race
2026,228,Michael Boyd,43,,GBR,,2000,6:52.9,R,Race
2026,229,Annie Campbell-Orde,30,,GBR,GB Rowing Team,2000,6:53.0,R,Race
2026,229,Ian Wood,53,,GBR,CUBC,2000,6:53.0,R,Race
2026,231,Mark Francis,61,,GBR,Sub-7,2000,6:53.1,R,Race
2026,231,Josh Palfreyman,21,,GBR,Sheffield Hallam Rowing Club,2000,6:53.1,R,Race
2026,233,Philip Healy,55,,IRL,,2000,6:53.3,R,Race
2026,234,Poppy Baker,22,,GBR,GB Rowing Team,2000,6:53.4,R,Race
2026,234,James Green,59,,GBR,York City,2000,6:53.4,R,Race
2026,234,Pentti Soini,64,Vantaa,FIN,Keravan Urheilijat,2000,6:53.4,S,Race
2026,237,Matt Alcock,28,,GBR,Padstow Rowing Club,2000,6:53.6,R,Race
2026,237,Max Spiteri Fiteni,17,,MLT,Siġġiewi Rowing Club,2000,6:53.6,R,Race
2026,237,Henrik Ulldahl,50,,SWE,Rowfit,2000,6:53.6,R,Race
2026,240,James Laming,50,,GBR,,2000,6:53.9,R,Race
2026,241,Sarah McKay,28,,GBR,GB Rowing Team,2000,6:54.1,R,Race
2026,241,Luke Orr,37,,GBR,Army Rowing Club,2000,6:54.1,R,Race
2026,243,Alex Howard,16,,GBR,Liverpool Victoria,2000,6:54.3,R,Race
2026,243,Jade Lindo,25,,GBR,GB Rowing Team,2000,6:54.3,R,Race
2026,243,Tobias Olsson,50,,SWE,Rowfit,2000,6:54.3,R,Race
2026,243,Hayden Young,16,"Atlanta, GA",USA,Row Georgia,2000,6:54.3,R,Race
2026,247,Elizabeth Gilmore,42,,USA,SPU,2000,6:54.4,R,Race
2026,248,Mark Peters,44,,IRL,Curracloe Rowing,2000,6:54.5,R,Race
2026,249,Ethan Williams,18,,GBR,Maidstone Invicta Rowing Club,2000,6:54.6,R,Race
2026,250,Adam Rose,44,,AUS,,2000,6:54.7,R,Race
2026,251,Simon Carson-Jones,49,,GBR,,2000,6:54.9,R,Race
2026,251,Leo Gill,18,,GBR,Tideway scullers,2000,6:54.9,R,Race
2026,251,Chris Lawrence,32,,GBR,Deben Rowing Club,2000,6:54.9,R,Race
2026,251,Shane Mcdermott,43,,IRL,Ireland / Molesey Boat Club,2000,6:54.9,R,Race
2026,255,Lola Anderson,27,,GBR,GB Rowing Team,2000,6:55.0,R,Race
2026,256,Patrick Stephens,33,,GBR,,2000,6:55.1,R,Race
2026,257,Paul Johnson,57,,GBR,Clydesdale Amateur Rowing Club,2000,6:55.3,R,Race
2026,258,Shrayes Upadhyayula,21,"Atlanta, GA",USA,Georgia Tech Rowing Club,2000,6:55.4,R,Race
2026,259,Simon Carson-Jones,49,,GBR,,2000,6:55.5,R,Race
2026,260,Spencer Newport,59,,GBR,,2000,6:55.8,R,Race
2026,261,Antoine Brignone,27,,MLT,Birgu Regatta Club,2000,6:55.9,R,Race
2026,262,Mark Henstridge,60,,GBR,Oxford Amateur Rowing Club,2000,6:56.1,R,Race
2026,263,John Bowskill,48,,GBR,John O Gaunt,2000,6:56.2,R,Race
2026,264,George Hall,28,,GBR,RNRA,2000,6:56.3,R,Race
2026,265,Daniel Morgans,41,,GBR,Army Rowing Club,2000,6:56.4,R,Race
2026,265,Ian Perry,62,,GBR,Sub-7 IRC,2000,6:56.4,R,Race
2026,267,Roddy Statton,60,,GBR,Absolute,2000,6:56.6,R,Race
2026,268,Andrew Kaminer,22,"Atlanta, GA",USA,Georgia Tech Rowing Club,2000,6:56.8,R,Race
2026,269,Sebastian Osle,17,,USA,Long Lake Rowing Crew,2000,6:56.9,R,Race
2026,270,Mark Lysons,50,,GBR,Gym Mostyn,2000,6:57.2,R,Race
2026,270,Mark Schembri,36,,MLT,Siġġiewi Rowing Club,2000,6:57.2,R,Race
2026,272,Andrew Feilden,53,,GBR,RowAlong,2000,6:57.5,R,Race
2026,273,Kalvin Anns,31,,GBR,Seal PT Indoor rowing team,2000,6:57.8,R,Race
2026,273,Edward Grech,44,,MLT,University of Malta Rowing Club,2000,6:57.8,R,Race
2026,273,Chris Malkin,46,,GBR,,2000,6:57.8,R,Race
2026,276,Liam McGrinder,28,,USA,Unaffiliated (USA),2000,6:57.9,R,Race
2026,277,Cathal Gaule,40,,IRL,Curracloe Rowing Club,2000,6:58.0,R,Race
2026,277,Mati Stendall,16,,GBR,"Royal Grammar School, Worcester",2000,6:58.0,R,Race
2026,279,Alan Ross,51,,GBR,,2000,6:58.1,R,Race
2026,280,Henry Brandrick,17,,GBR,Northampton Town Rowing Club,2000,6:58.2,R,Race
2026,281,Richard Charrett,38,,GBR,RNRA,2000,6:58.4,R,Race
2026,282,Andrew Curry,53,,GBR,,2000,6:58.6,R,Race
2026,283,Matthew Kearney,22,,GBR,RNRA,2000,6:58.7,R,Race
2026,283,Leo Reading-East,16,,GBR,Evesham Rowing Club,2000,6:58.7,R,Race
2026,285,Matthew Pepper,32,,GBR,,2000,6:58.8,R,Race
2026,286,Spencer Smith,22,"Atlanta, GA",USA,Georgia Tech Rowing Club,2000,6:59.0,R,Race
2026,287,Tom Franklin,28,,GBR,RNRA,2000,6:59.2,R,Race
2026,287,Christopher Jackson,35,,GBR,Oundle Town Rowing Club,2000,6:59.2,R,Race
2026,289,Teagen Lee,20,,USA,St Cloud State Rowing Club,2000,6:59.3,R,Race
2026,290,Martin Pierce,45,,GBR,,2000,6:59.6,R,Race
2026,291,Jessica Milburn,20,,GBR,Lancaster University,2000,6:59.7,R,Race
2026,292,Mikael Blacklock,36,,GBR,RNRA,2000,7:00.0,R,Race
2026,293,Gabriel Phillips Rusenieks,17,,GBR,Avon County Rowing Club,2000,7:00.6,R,Race
2026,294,Ben Lukowski,42,,GBR,Nottingham,2000,7:00.7,R,Race
2026,295,Henry Morrison,52,,GBR,,2000,7:00.8,R,Race
2026,296,Chris Wilson,43,,GBR,,2000,7:01.8,R,Race
2026,297,Benjamin Hall,52,"Atlanta, GA",USA,"Atlanta Rowing Club, Inc.",2000,7:02.2,R,Race
2026,297,Ian Ronald,42,,GBR,Tees Rowing Club,2000,7:02.2,R,Race
2026,299,Angus Aitken,49,,GBR,Hexham RC,2000,7:02.4,R,Race
2026,299,Joep Vissers,44,,AUS,,2000,7:02.4,R,Race
2026,301,Jack Henry de Frahan,31,"Atlanta, GA",USA,"Atlanta Rowing Club, Inc.",2000,7:02.8,R,Race
2026,301,Oliver Maggs,16,,GBR,RGSW,2000,7:02.8,R,Race
2026,301,Holly Youd,23,,GBR,GB Rowing Team,2000,7:02.8,R,Race
2026,304,Ashley Johnson,23,"Atlanta, GA",USA,"Augusta Rowing Club, Inc.",2000,7:02.9,R,Race
2026,305,Dimitri Muscat,17,,MLT,Siġġiewi Rowing Club,2000,7:03.0,R,Race
2026,306,Ryan Ness,51,,USA,Unaffiliated (USA),2000,7:03.1,R,Race
2026,307,Tim Bartlett,43,,GBR,Army Indoor Rowing,2000,7:03.6,R,Race
2026,308,Steve Collins,54,,GBR,Worthing Rowing Club,2000,7:03.8,R,Race
2026,308,Daniel M. Lynch,63,CT,USA,SUB-7 IRC,2000,7:03.8,R,Race
2026,308,Pierrick Moscatello,65,,FRA,Club Nautique de Château Gontier,2000,7:03.8,R,Race
2026,311,Richard Wilcock,61,,GBR,North Staffs,2000,7:04.0,R,Race
2026,312,Stephen Campbell,60,,GBR,,2000,7:04.2,R,Race
2026,313,Ben Hampson,30,,GBR,Peterborough City Rowing Club,2000,7:04.3,R,Race
2026,314,George Elgar,16,,GBR,Hartpury University and College Boat Club,2000,7:04.4,R,Race
2026,314,Simon Nevitt,46,,GBR,Shanklin Sandown Rowing Club,2000,7:04.4,R,Race
2026,316,Tako Lootsma,52,,NED,Free Spirits IRC,2000,7:04.5,R,Race
2026,317,Shrish Shetty,22,"Atlanta, GA",USA,Georgia Tech Rowing Club,2000,7:04.6,R,Race
2026,317,Mark Yates,44,,GBR,215 Multi-Role Medical Regiment,2000,7:04.6,R,Race
2026,319,Ashley Brandrick,20,,GBR,Northampton Town Rowing Club,2000,7:04.7,R,Race
2026,319,Dennis Darville,16,,GBR,Queen Elizabeth High School Rowing Club,2000,7:04.7,R,Race
2026,319,Carl Eierle,59,"Atlanta, GA",USA,Unaffiliated (USA),2000,7:04.7,R,Race
2026,319,Paul Kimber,54,,GBR,,2000,7:04.7,R,Race
2026,323,Toby Payne,46,,GBR,,2000,7:05.0,R,Race
2026,324,Shaun Callaghan,61,,GBR,,2000,7:05.1,R,Race
2026,325,Rachel Fisher,38,,GBR,The Delivery Room,2000,7:06.0,R,Race
2026,326,Glen Bailey,44,,GBR,,2000,7:06.1,R,Race
2026,326,Craig Diver,60,,GBR,,2000,7:06.1,R,Race
2026,328,Benjamin Pritchard,33,,GBR,GB Rowing Team,2000,7:06.2,R,Race
2026,328,Harry Roussos,44,,GBR,,2000,7:06.2,R,Race
2026,330,Richard Potter,34,,GBR,Fitness Matters,2000,7:06.4,R,Race
2026,330,Joseba Saies Alzua,67,,ESP,Orio Arraun Elkartea,2000,7:06.4,R,Race
2026,330,Tyler Sleep,20,"Atlanta, GA",USA,Georgia Tech Rowing Club,2000,7:06.4,R,Race
2026,333,John Beecroft,55,,GBR,,2000,7:06.5,R,Race
2026,334,Ethan Gold,17,,USA,Long Lake Rowing Crew,2000,7:06.6,R,Race
2026,334,Matt Swinson,31,,GBR,,2000,7:06.6,R,Race
2026,336,John Reilly,16,"Atlanta, GA",USA,Row Georgia,2000,7:06.9,R,Race
2026,337,Andrew Lang,58,,GBR,,2000,7:07.0,R,Race
2026,338,Rachael Mcilwraith,33,,GBR,,2000,7:07.1,R,Race
2026,339,Jeremy Martin,75,,GBR,,2000,7:07.3,R,Race
2026,340,Paul Gibson,41,,GBR,Doncaster Rowing Club,2000,7:07.4,R,Race
2026,341,Pat Seale,42,,GBR,,2000,7:07.6,R,Race
2026,342,Jon Heaney,65,,GBR,Oundle Town Rowing Club,2000,7:07.7,R,Race
2026,342,Chris Loveman,46,,GBR,,2000,7:07.7,R,Race
2026,344,Amy Adderley,41,,GBR,Marlborough CrossFit,2000,7:07.9,R,Race
2026,345,Callum Smith,28,,GBR,RNRA,2000,7:08.1,R,Race
2026,346,Guy Blackburn,53,,GBR,,2000,7:08.3,R,Race
2026,347,Andre Davidse,67,,GBR,,2000,7:08.6,R,Race
2026,348,Eli Wood,38,,GBR,The Armoury Gym,2000,7:08.7,R,Race
2026,349,John Hurst,44,,GBR,,2000,7:08.9,R,Race
2026,350,Darren Morris,50,,GBR,,2000,7:09.2,R,Race
2026,351,Henry Carlson,20,"Atlanta, GA",USA,Georgia Tech Rowing Club,2000,7:09.5,R,Race
2026,351,Simon Jacobs,38,,GBR,,2000,7:09.5,R,Race
2026,353,Freya Coupe,17,,GBR,Canford School.,2000,7:09.7,R,Race
2026,353,Mark Miller,17,"Atlanta, GA",USA,"Friends of Hickory Rowing, Inc",2000,7:09.7,R,Race
2026,355,Damien Bartlett,42,,GBR,,2000,7:09.8,R,Race
2026,356,James O&rsquo;Connell,16,,GBR,Thames Scullers,2000,7:10.1,R,Race
2026,356,Amy Renwick,38,,GBR,,2000,7:10.1,R,Race
2026,358,Steve Humphrey,62,,GBR,Chesterton Rowing Club,2000,7:10.4,R,Race
2026,359,Elliott Cunningham,24,,GBR,,2000,7:10.7,R,Race
2026,359,Angela Johnson,15,"Atlanta, GA",USA,St. Andrew Rowing Club,2000,7:10.7,R,Race
2026,359,Sebastian Nivon Galvez,20,"Atlanta, GA",USA,Berry College Viking Crew,2000,7:10.7,R,Race
2026,362,Shane Logan,62,,GBR,,2000,7:11.0,R,Race
2026,363,Ethan Pritchard,17,"Atlanta, GA",USA,Lake Lanier Rowing Club,2000,7:11.2,R,Race
2026,363,Cade Sivil,17,,GBR,NSB,2000,7:11.2,R,Race
2026,365,Paul Ducommun,55,,GBR,Gym Mostyn,2000,7:11.7,R,Race
2026,366,Guy Blackburn,53,,GBR,Castle Semple rowing club,2000,7:11.8,R,Race
2026,367,Marsha Coniglio,39,,USA,SPU,2000,7:12.2,R,Race
2026,367,Malcolm Ferguson,20,"Atlanta, GA",USA,Georgia Tech Rowing Club,2000,7:12.2,R,Race
2026,369,Jeff Liipfert,47,"Atlanta, GA",USA,"Atlanta Rowing Club, Inc.",2000,7:12.4,R,Race
2026,370,Ben Watson,22,,GBR,West Norfolk RC,2000,7:13.1,R,Race
2026,371,Lucas Alonso-Munoyerro Anton,25,"Atlanta, GA",USA,Georgia Tech Rowing Club,2000,7:13.2,R,Race
2026,372,Lee Anderson,56,,GBR,,2000,7:13.8,R,Race
2026,373,George Perrin,72,,GBR,,2000,7:14.0,R,Race
2026,374,John Karnosh,21,"Atlanta, GA",USA,Georgia Tech Rowing Club,2000,7:14.1,R,Race
2026,375,Olivia Greenwell,17,,GBR,,2000,7:14.2,R,Race
2026,375,Grant Weidekamp,17,"Atlanta, GA",USA,Row Georgia,2000,7:14.2,R,Race
2026,377,Sally Brierley,44,,GBR,,2000,7:14.3,R,Race
2026,378,Danny Burke,39,,GBR,We Are Invictus,2000,7:14.4,R,Race
2026,378,Kathryn Clark,33,,GBR,,2000,7:14.4,R,Race
2026,378,Jordan Falcone,46,"Atlanta, GA",USA,Unaffiliated (USA),2000,7:14.4,R,Race
2026,381,Stuart Harris,56,,GBR,CrossFit Kernow,2000,7:14.5,R,Race
2026,381,Jason Roe,16,"Atlanta, GA",USA,Columbia Rowing Club,2000,7:14.5,R,Race
2026,383,Charlie Kilvert,17,,GBR,Trent Rowing Club,2000,7:14.7,R,Race
2026,383,Michael Tracey,52,,GBR,Mike,2000,7:14.7,R,Race
2026,385,Giles Crown,56,,GBR,,2000,7:14.9,R,Race
2026,386,John Walsh,57,,GBR,,2000,7:15.0,R,Race
2026,387,Matthew Houlihan,45,,GBR,,2000,7:15.2,R,Race
2026,387,Leanne Xuereb Ungaro,31,,MLT,Malta National Team / Siggiewi rowing Club,2000,7:15.2,R,Race
2026,389,Lucy Reed,31,,GBR,,2000,7:15.6,R,Race
2026,390,Ethan Roberts,23,,GBR,"STRATFORD UPON AVON  ROWING CLUB, AND WORCESTER ROWING CLUB",2000,7:15.7,R,Race
2026,391,Jacob Bachman,18,"Atlanta, GA",USA,Lake Lanier Rowing Club,2000,7:15.9,R,Race
2026,391,Gerardo Ortiz,50,"Atlanta, GA",USA,Unaffiliated (USA),2000,7:15.9,R,Race
2026,393,Roland Rebek,38,,HUN,Hastings Rowing club,2000,7:16.0,R,Race
2026,394,Tom Grosvenor,31,,GBR,,2000,7:16.2,R,Race
2026,395,Emily Loftus,40,,GBR,RNRA,2000,7:16.7,R,Race
2026,396,Russell Brayshaw,66,,GBR,,2000,7:16.9,R,Race
2026,396,Lucy Crundwell,37,,GBR,,2000,7:16.9,R,Race
2026,398,Lane Olsen,19,,USA,St. Olaf Rowing Club,2000,7:17.3,R,Race
2026,399,Abbey Holm,17,,USA,"Rochester Rowing Club, Minnesota",2000,7:17.4,R,Race
2026,399,Andrew Scott,54,,GBR,Seal PT Indoor rowing team,2000,7:17.4,R,Race
2026,401,Jacqueline Rees,43,,AUS,,2000,7:17.5,R,Race
2026,402,Martin Casson-Grave,42,,GBR,lancaster John O'Gaunt,2000,7:17.6,R,Race
2026,403,Alex Heath,16,,GBR,"Queen Elizabeth High School, Rowing Club",2000,7:18.2,R,Race
2026,403,George Osborne,17,,GBR,Wrekin College,2000,7:18.2,R,Race
2026,405,Samuel Fowkes,22,,GBR,Hartpury University and College Boat Club,2000,7:18.4,R,Race
2026,405,Ian Hall,50,,AUS,,2000,7:18.4,R,Race
2026,407,Johanna Av Steinum,45,,NOR,Róðrarsamband Føroya,2000,7:18.8,R,Race
2026,407,Tony Nash,55,,GBR,,2000,7:18.8,R,Race
2026,409,Ethan Blackwell,21,"Atlanta, GA",USA,Auburn University Rowing Club,2000,7:18.9,R,Race
2026,409,Martin Skehan,64,,IRL,GymMostyn,2000,7:18.9,R,Race
2026,411,Paul Chick,56,,GBR,Fitness Matters,2000,7:19.1,R,Race
2026,412,Max Haddock,19,,GBR,Reading University Boat Club / Guildford Rowing Club,2000,7:19.3,R,Race
2026,413,Brant Taylor,67,,GBR,The Diamonds (over sixties),2000,7:19.4,R,Race
2026,413,Henry Wischusen,73,"Atlanta, GA",USA,Unaffiliated (AFG),2000,7:19.4,R,Race
2026,415,Skye Austin-Burrows,18,,GBR,Molesey Boat Club,2000,7:19.5,R,Race
2026,416,Colette Kriegel,17,"Atlanta, GA",USA,"Augusta Rowing Club, Inc.",2000,7:19.8,R,Race
2026,417,Arkadiusz Chilinski,38,,POL,,2000,7:20.3,R,Race
2026,417,Calum Woodhouse,16,,GBR,Hartpury University and College Boat Club,2000,7:20.3,R,Race
2026,419,Toby Blackman,51,,GBR,,2000,7:20.4,R,Race
2026,420,Ryan Brinson,37,"Atlanta, GA",USA,Unaffiliated (USA),2000,7:20.6,R,Race
2026,420,Wendy Sim&oacute;,27,Santiago de los Caballeros,DOM,Federación Dominicana de Remo y Canotaje,2000,7:20.6,R,Race
2026,422,Kevin Giles,60,,GBR,,2000,7:20.7,R,Race
2026,422,Jacob Hoogendyk,21,"Atlanta, GA",USA,Berry College Viking Crew,2000,7:20.7,R,Race
2026,422,Warren Walker,19,"Atlanta, GA",USA,Berry College Viking Crew,2000,7:20.7,R,Race
2026,425,Lee Matejek,18,"Atlanta, GA",USA,Allatoona Rowing Association,2000,7:21.1,R,Race
2026,426,Chris Grimley,44,,GBR,Seal PT Indoor rowing team,2000,7:21.3,R,Race
2026,426,Diana Robinson,35,,GBR,Cantabrigian Rowing Club,2000,7:21.3,R,Race
2026,426,Ramses Santoyo,23,"Atlanta, GA",USA,Auburn University Rowing Club,2000,7:21.3,R,Race
2026,429,Tatum Lubinski,21,,USA,St. Olaf Rowing Club,2000,7:21.5,R,Race
2026,429,Krzysztof Rutte,57,,POL,Siġġiewi Rowing Club,2000,7:21.5,R,Race
2026,429,Richard Woodham,66,,GBR,Champion of the Thames,2000,7:21.5,R,Race
2026,432,Patrick Pritchard,17,"Atlanta, GA",USA,"Augusta Rowing Club, Inc.",2000,7:21.6,R,Race
2026,433,Kelvin Lam,39,,GBR,,2000,7:21.9,R,Race
2026,434,Dirk Hellmuth,49,,GER,Sub7-IRC,2000,7:22.1,R,Race
2026,435,Simon Lord,66,,GBR,Prostate Cancer UK,2000,7:22.2,R,Race
2026,435,Elias Van Veldhuizen,15,"Atlanta, GA",USA,Row Georgia,2000,7:22.2,R,Race
2026,437,William Kirby,24,,GBR,Eton Excelsior Rowing Club,2000,7:22.7,R,Race
2026,438,Michael Simmons,20,"Atlanta, GA",USA,Berry College Viking Crew,2000,7:23.2,R,Race
2026,439,Richard Galpin,50,,GBR,We Are Invictus,2000,7:23.4,R,Race
2026,440,Greyson Clearie,17,"Atlanta, GA",USA,Row Georgia,2000,7:23.6,R,Race
2026,440,Hugh Sturrock,44,,GBR,Blade Rowers,2000,7:23.6,R,Race
2026,442,Darren Chase,62,"Atlanta, GA",USA,Unaffiliated (USA),2000,7:23.7,R,Race
2026,442,Jacob Smith,17,,GBR,Langstone Pilot Gig Club,2000,7:23.7,R,Race
2026,444,David Brown,68,,GBR,Henley Rowing Club,2000,7:23.8,R,Race
2026,444,Cooper Collins,16,,GBR,RGS Worcester,2000,7:23.8,R,Race
2026,444,Bill Haynes,65,,GBR,Warwick Boat Club,2000,7:23.8,R,Race
2026,447,Phil Brass,55,"Atlanta, GA",USA,"Atlanta Rowing Club, Inc.",2000,7:24.0,R,Race
2026,448,Mark Moran,56,,GBR,,2000,7:24.5,R,Race
2026,449,Jorma Niemi,63,Vantaa,FIN,,2000,7:24.6,R,Race
2026,450,Nick Bates,63,,GBR,Reading Rowing Club,2000,7:24.7,R,Race
2026,450,Rob Cree,55,,GBR,British Rowing,2000,7:24.7,R,Race
2026,450,Kirsty Joisce,52,,GBR,Southampton Coalporters ARC,2000,7:24.7,R,Race
2026,453,Liam O&#039;Brien,18,"Atlanta, GA",USA,"Augusta Rowing Club, Inc.",2000,7:24.8,R,Race
2026,454,Simon Pryor,20,,USA,St. Olaf Rowing Club,2000,7:25.2,R,Race
2026,455,Nick Minor,31,"Atlanta, GA",USA,Team OxFit,2000,7:25.3,R,Race
2026,455,Dean Webster,46,,GBR,,2000,7:25.3,R,Race
2026,457,Mike Robinson,66,,GBR,Gym Mostyn,2000,7:25.4,R,Race
2026,457,Mike Swinbank,65,,GBR,,2000,7:25.4,R,Race
2026,459,Fredrik Blomqvist,56,,SWE,,2000,7:25.8,R,Race
2026,460,Claire Smyth,40,,GBR,Cortex Gym,2000,7:25.9,R,Race
2026,461,Danilo Marchetti,55,,ITA,Varese Rowing Club,2000,7:26.0,R,Race
2026,462,Sarita Kristina Hansen,37,,NOR,Róðrarsamband Føroya,2000,7:26.3,R,Race
2026,463,Steven Gaspars,52,,AUS,,2000,7:26.5,R,Race
2026,464,Jeffrey Gordon,32,"Atlanta, GA",USA,Allatoona Rowing Association,2000,7:26.8,R,Race
2026,464,David Newman,63,,GBR,The Diamonds (Over Sixties Erging Group),2000,7:26.8,R,Race
2026,466,Joseph Pitchford,63,"Atlanta, GA",USA,Unaffiliated (USA),2000,7:27.0,R,Race
2026,467,Anna Harvey,40,,GBR,,2000,7:27.2,R,Race
2026,467,Francisco Valentinotti,19,"Atlanta, GA",USA,Georgia Tech Rowing Club,2000,7:27.2,R,Race
2026,469,Sean O&#039;Brien,20,"Atlanta, GA",USA,Auburn University Rowing Club,2000,7:27.3,R,Race
2026,470,Dan Arney,21,,GBR,Hartpury University and College Boat Club,2000,7:27.4,R,Race
2026,471,Jani Marok,61,,GBR,,2000,7:27.6,R,Race
2026,472,Alessandro Arnoldi,58,,ITA,CANOTTIERI TRITIUM,2000,7:27.7,R,Race
2026,472,Kishan Chauhan,33,,GBR,Seal PT Indoor rowing team,2000,7:27.7,R,Race
2026,472,Amy Milner,17,,GBR,Bradford Amateur Rowing Club,2000,7:27.7,R,Race
2026,475,Talia Clark,30,,NZL,CrossFit Hull,2000,7:27.8,R,Race
2026,476,Geraint Evans,65,,GBR,,2000,7:27.9,R,Race
2026,477,Caitlin Turner,35,"Atlanta, GA",USA,"Atlanta Rowing Club, Inc.",2000,7:28.4,R,Race
2026,478,Haidyn Arnett,22,"Atlanta, GA",USA,Georgia Tech Rowing Club,2000,7:28.6,R,Race
2026,479,Heather Hopkins,51,,GBR,London RC,2000,7:28.8,R,Race
2026,480,Dawn Hindle,51,,GBR,,2000,7:28.9,R,Race
2026,481,Lucy Baker,28,,GBR,Bladerowers,2000,7:29.0,R,Race
2026,482,Thomas Hasker,46,,GBR,,2000,7:29.8,R,Race
2026,483,Jacob Hartley,17,,GBR,RGS Worcester,2000,7:30.2,R,Race
2026,484,Archie Maitre,16,,GBR,Evesham Rowing Club,2000,7:30.3,R,Race
2026,485,Sam Heys,46,"Atlanta, GA",USA,Physiovation Wellness Center,2000,7:30.4,R,Race
2026,486,Hannah Grant,17,,GBR,Itchen Imperial Rowing Club,2000,7:30.5,R,Race
2026,486,Catherine Jackson,40,,GBR,Worcester Rowing Club,2000,7:30.5,R,Race
2026,488,Phoebe Chin,18,,USA,Twin Cities Youth Rowing Club,2000,7:30.7,R,Race
2026,489,Mingkuan Yan,21,"Atlanta, GA",USA,Georgia Tech Rowing Club,2000,7:30.8,R,Race
2026,490,William Oliver,19,"Atlanta, GA",USA,Berry College Viking Crew,2000,7:31.0,R,Race
2026,491,John Bacon,49,,GBR,,2000,7:31.2,R,Race
2026,492,Stuart Richards,56,,GBR,Jim Mostyn,2000,7:31.9,R,Race
2026,493,Oliver Watson-Moody,17,,GBR,"Queen Elizabeth High School, Rowing Club",2000,7:32.0,R,Race
2026,494,Alexander Bird,61,,GBR,Lady Margaret BC,2000,7:32.2,R,Race
2026,495,Lars Renlund,19,"Atlanta, GA",USA,Auburn University Rowing Club,2000,7:32.3,R,Race
2026,496,Lee Arthur,49,,GBR,Doncaster Rowing Club,2000,7:32.4,R,Race
2026,496,Peter Blackwell,54,,GBR,Seal PT Indoor rowing team,2000,7:32.4,R,Race
2026,498,Marshall Keith,16,"Atlanta, GA",USA,Lake Lanier Rowing Club,2000,7:32.5,R,Race
2026,499,Queenie Martin,55,,GBR,Paignton ARC,2000,7:32.7,R,Race
2026,500,David Williams,69,,GBR,Gym Mostyn/Wrekin Rowers,2000,7:32.8,R,Race
2026,501,Rob Barker,59,,POR,,2000,7:32.9,R,Race
2026,502,Anthony Walpole,57,,GBR,,2000,7:33.2,R,Race
2026,503,Ian Northcott Bem,61,,GBR,Mercian Fitness,2000,7:33.3,R,Race
2026,504,Mark Lawson,41,,GBR,Blade Rowers,2000,7:33.4,R,Race
2026,505,Gavin Burress,19,,USA,St Cloud State Rowing Club,2000,7:33.5,R,Race
2026,505,Karl Harper,65,,GBR,,2000,7:33.5,R,Race
2026,507,Justin John Camilleri,38,,MLT,Siġġiewi Rowing Club,2000,7:33.6,R,Race
2026,508,Justine Reston,56,,GBR,,2000,7:33.7,R,Race
2026,509,Linda Carruthers,55,,GBR,St Andrew boat club,2000,7:33.9,R,Race
2026,510,Lulu Ikeagwuani,16,,GBR,Nottinghamshire County Rowing Association,2000,7:34.1,R,Race
2026,511,Lillian Dramsdahl,52,,NOR,Skullerud Sportsklubb roing,2000,7:34.3,R,Race
2026,511,Michael Honnold,46,"Hogansville, GA",USA,Crew Yokogawa,2000,7:34.3,R,Race
2026,511,Matthew Xuereb,37,,MLT,Siggiewi Rowing Club,2000,7:34.3,R,Race
2026,514,Chloe Coote,31,,GBR,Class,2000,7:34.6,R,Race
2026,514,Alexander Matei,19,"Atlanta, GA",USA,Wake Forest University Rowing Club,2000,7:34.6,R,Race
2026,516,Jilly Tovey,34,,GBR,Army Rowing Club,2000,7:34.9,R,Race
2026,516,Eimer Walsh,48,,IRL,Rowfit,2000,7:34.9,R,Race
2026,518,Mark Jones,66,,GBR,Bewdley Rowing Club,2000,7:35.0,R,Race
2026,519,Katie Loker,40,,GBR,,2000,7:35.1,R,Race
2026,520,Richard Tongue,58,,GBR,,2000,7:35.2,R,Race
2026,521,Mingjie Lin,21,"Atlanta, GA",USA,Wake Forest University Rowing Club,2000,7:35.3,R,Race
2026,522,Val Craft,47,,GBR,Eddie Fletcher,2000,7:35.6,R,Race
2026,523,Stella Atwood,17,"Atlanta, GA",USA,St. Andrew Rowing Club,2000,7:35.7,R,Race
2026,523,James Reichow,24,,USA,St Cloud State Rowing Club,2000,7:35.7,R,Race
2026,525,Bernard Mifsud,47,,MLT,Siġġiewi Rowing Club,2000,7:35.8,R,Race
2026,526,Damon Cripps,54,,GBR,,2000,7:36.1,R,Race
2026,527,Kia Taylor,49,"Atlanta, GA",USA,Unaffiliated (USA),2000,7:36.2,R,Race
2026,528,Ed Elgar,57,,GBR,,2000,7:36.3,R,Race
2026,529,Lizzie Ashley,30,,GBR,,2000,7:36.5,R,Race
2026,529,Chloe Howes,25,,GBR,Warwick Boat Club,2000,7:36.5,R,Race
2026,531,Collin Green,19,,USA,St. Olaf Rowing Club,2000,7:36.6,R,Race
2026,531,Bryony Hancock,47,,GBR,Tamar and Tavy Gig Club,2000,7:36.6,R,Race
2026,533,Talia Clark,29,,GBR,,2000,7:37.1,R,Race
2026,534,Glenn Henriksen,58,,AUS,,2000,7:37.2,R,Race
2026,535,Georgianna Mathews,23,"Atlanta, GA",USA,Georgia Tech Rowing Club,2000,7:37.3,R,Race
2026,536,Ella Jones,19,,GBR,University of York Boat Club,2000,7:37.4,R,Race
2026,536,Heather Partridge,21,"Atlanta, GA",USA,Georgia Tech Rowing Club,2000,7:37.4,R,Race
2026,536,Iona Stuart,30,,GBR,Army Rowing Club,2000,7:37.4,R,Race
2026,539,Jasper Balbaert,30,,USA,"Rochester Rowing Club, Minnesota",2000,7:37.7,R,Race
2026,540,Spyros Marinos Kouris,48,,GBR,Blade Rowers,2000,7:37.8,R,Race
2026,541,Hal Schenck,62,"Atlanta, GA",USA,Auburn University Rowing Club,2000,7:37.9,R,Race
2026,542,Stephen Carpenter,61,,GBR,,2000,7:38.1,R,Race
2026,543,Mathew Smith,48,,GBR,,2000,7:38.4,R,Race
2026,544,Milda Ambra,26,,GBR,,2000,7:38.5,R,Race
2026,545,Emma Dennis,17,,GBR,Peterborough City Rowing Club,2000,7:38.6,R,Race
2026,545,Alwalid Kiawu,18,,USA,St. Olaf Rowing Club,2000,7:38.6,R,Race
2026,547,Megan Halsted,31,,GBR,Eton Excelsior Rowing Club,2000,7:38.8,R,Race
2026,547,Adrian Walker,62,,GBR,RNRA,2000,7:38.8,R,Race
2026,547,Gerard Williams,56,,GBR,,2000,7:38.8,R,Race
2026,550,Richard Hopcroft,45,,GBR,,2000,7:38.9,R,Race
2026,551,Elliot Miller,16,,USA,Des Moines Rowing Club,2000,7:39.0,R,Race
2026,552,Peter Summers,76,,GBR,,2000,7:39.3,R,Race
2026,552,Paul Winton,69,,GBR,,2000,7:39.3,R,Race
2026,554,Hjalmar Schiotz,76,,NOR,Tonsberg triathlon,2000,7:39.8,R,Race
2026,555,Adam Kęs,41,,GBR,,2000,7:39.9,R,Race
2026,556,Libby Danckert,39,,GBR,Army Rowing Club,2000,7:40.2,R,Race
2026,557,Tereza Horejsova,45,,GBR,,2000,7:40.5,R,Race
2026,557,Kinzley Lebeda,18,"Atlanta, GA",USA,Georgia Tech Rowing Club,2000,7:40.5,R,Race
2026,559,Michael Henton,71,,GBR,,2000,7:41.1,R,Race
2026,559,Annika Mary,17,,USA,Lake Phalen Rowing,2000,7:41.1,R,Race
2026,561,Eleanor Viita,39,,GBR,Globe Rowing Club,2000,7:41.5,R,Race
2026,562,Matthew DeFrain,59,"Atlanta, GA",USA,Unaffiliated (AFG),2000,7:41.6,R,Race
2026,563,Cora Firth,32,,GBR,Lyme Regis Gig club,2000,7:41.9,R,Race
2026,563,Rosie Tregenza,24,,GBR,Agecroft Rowing Club,2000,7:41.9,R,Race
2026,565,Maddie Woodcock,18,,GBR,Canford School,2000,7:42.0,R,Race
2026,566,Sarah Rogerson,45,,GBR,Fitness Matters,2000,7:42.1,R,Race
2026,567,Tobyn Thomas,60,,GBR,,2000,7:42.2,R,Race
2026,568,John Exley,78,,GBR,Oxford Cityb Athletic Club,2000,7:42.3,R,Race
2026,568,Guy Roberts,53,,GBR,,2000,7:42.3,R,Race
2026,570,Erin Damant,20,,GBR,Lincoln Rowing Centre,2000,7:42.7,R,Race
2026,570,Karin Phillips,50,,GBR,Marlow Rowing Club,2000,7:42.7,R,Race
2026,570,Mark Redgrove,63,,GBR,,2000,7:42.7,R,Race
2026,573,Lauren Kruse,31,,USA,Unaffiliated (USA),2000,7:42.9,R,Race
2026,574,David Frame,59,,GBR,None,2000,7:43.2,R,Race
2026,575,Gary Burch,62,,GBR,Shanklin Sandown RC,2000,7:43.3,R,Race
2026,576,Lee Watson,39,,GBR,Lancaster John 'O' Gaunt,2000,7:43.4,R,Race
2026,577,Stephanie Corcoran,45,,IRL,Curracloe Rowing Club,2000,7:44.2,R,Race
2026,578,Saf Greenwood,40,,GBR,Army Rowing Club,2000,7:44.4,R,Race
2026,578,Mark Ribbens,65,"Atlanta, GA",USA,"Atlanta Rowing Club, Inc.",2000,7:44.4,R,Race
2026,580,Robert Ross,66,,AUS,,2000,7:44.6,R,Race
2026,580,Jenny Taylor,58,,GBR,Wallingford and OUBC,2000,7:44.6,R,Race
2026,582,Xander Aguado,17,,GBR,Merchant Taylors' School,2000,7:44.7,R,Race
2026,583,Thomas Cronin,53,"Atlanta, GA",USA,"Atlanta Rowing Club, Inc.",2000,7:44.8,R,Race
2026,584,Eva Bolton-Lake,22,,GBR,Hartpury University and College Boat Club,2000,7:45.0,R,Race
2026,585,Sarah Johnson,51,,USA,"Rochester Rowing Club, Minnesota",2000,7:45.3,R,Race
2026,586,Gary Gristwood,71,,GBR,Everyone Active,2000,7:45.6,R,Race
2026,587,Josephine Brutton,17,,GBR,Trent Rowing Club,2000,7:45.7,R,Race
2026,588,Lesley Duffy,60,,AUS,,2000,7:45.9,R,Race
2026,588,Steph Pearce,33,,GBR,Eton Excelsior Rowing Club,2000,7:45.9,R,Race
2026,590,Hazel Fullman,51,,GBR,Gloucester Rowing Club,2000,7:46.0,R,Race
2026,591,Damon Cripps,55,,GBR,Worcester Athletic Club,2000,7:46.1,R,Race
2026,592,Katie Harris,16,,AUS,,2000,7:46.4,R,Race
2026,593,Sultaan Shabazz,26,"Atlanta, GA",USA,Unaffiliated (USA),2000,7:46.8,R,Race
2026,594,Rachel Brings,16,,USA,Lake Phalen Rowing,2000,7:46.9,R,Race
2026,594,Bryony Jones,45,,GBR,Llanion Warriors Rowing Club,2000,7:46.9,R,Race
2026,596,Charlotte Revell,16,,GBR,Peterborough City Rowing Club,2000,7:47.0,R,Race
2026,597,Mick Panyanithisakul,32,"Atlanta, GA",USA,Unaffiliated (USA),2000,7:47.4,R,Race
2026,598,Jane Ashby,54,,GBR,Henley Rowing Club,2000,7:47.8,R,Race
2026,599,Devon Chavez,13,"Atlanta, GA",USA,Allatoona Rowing Association,2000,7:48.1,R,Race
2026,600,Samantha Ayers,55,,GBR,,2000,7:48.8,R,Race
2026,600,Julie Drake,56,,GBR,Shoreham RC / Sub 7,2000,7:48.8,R,Race
2026,602,Rachael Smith,41,,GBR,Rowfit Club,2000,7:48.9,R,Race
2026,603,Roger Stainforth,81,,GBR,Durham Amateur Rowing Club,2000,7:49.1,R,Race
2026,604,Georgia Smythe,17,,AUS,,2000,7:49.3,R,Race
2026,605,Peter Wilson,56,,GBR,We Are Invictus,2000,7:49.4,R,Race
2026,606,Camilla Stewart,50,,GBR,Gym Mostyn,2000,7:49.5,R,Race
2026,607,Matthew Borg,17,,MLT,University of Malta Rowing Club,2000,7:49.7,R,Race
2026,608,Rich Enners,68,"Atlanta, GA",USA,The Diamonds,2000,7:49.8,R,Race
2026,608,Polly Mcmullan,17,,GBR,Northampton Rowing Club,2000,7:49.8,R,Race
2026,610,Olivia Winter,16,,GBR,Nottingham Union,2000,7:50.1,R,Race
2026,611,Leon Coad,58,,AUS,,2000,7:50.6,R,Race
2026,612,Noah Kolczynski,24,,USA,"Rochester Rowing Club, Minnesota",2000,7:50.7,R,Race
2026,612,Nicola Mccullough,46,,GBR,Army Rowing,2000,7:50.7,R,Race
2026,614,Owen Chaffee,21,"Atlanta, GA",USA,Georgia Tech Rowing Club,2000,7:51.0,R,Race
2026,615,Anthony Duthoit,66,,GBR,Hexham RC,2000,7:51.1,R,Race
2026,616,Madeleine Estelle Pattison,23,,GBR,Molsey Boat Club,2000,7:51.2,R,Race
2026,617,Alex Hicks,29,,GBR,Eton Excelsior Rowing Club,2000,7:51.3,R,Race
2026,618,Alan Patterson,77,,AUS,,2000,7:51.5,R,Race
2026,619,KAITY NICOLETTA,18,"Atlanta, GA",USA,Triad United Rowing Association,2000,7:51.9,R,Race
2026,620,Roger Stainforth,81,,GBR,,2000,7:52.0,R,Race
2026,621,Kathryn Labdon,52,,GBR,,2000,7:52.1,R,Race
2026,622,Anne Virtanen,51,Jyv&auml;skyl&auml;,FIN,,2000,7:52.2,S,Race
2026,623,Nic Brewer,56,,GBR,Brackley Leisure,2000,7:53.1,R,Race
2026,623,David Taylor,57,,GBR,,2000,7:53.1,R,Race
2026,625,Kirsty Gornall,54,,GBR,Royal Chester Rowing Club,2000,7:53.3,R,Race
2026,626,Rick Bayko,78,"Atlanta, GA",USA,"Community Rowing, Inc.",2000,7:54.1,R,Race
2026,626,Lael Daire,50,,USA,"Rochester Rowing Club, Minnesota",2000,7:54.1,R,Race
2026,626,Vanessa James,35,,GBR,,2000,7:54.1,R,Race
2026,626,Grant Johnson,67,,GBR,Ardingly Rowing,2000,7:54.1,R,Race
2026,630,Franklin Cater,63,"Atlanta, GA",USA,"Atlanta Rowing Club, Inc.",2000,7:54.2,R,Race
2026,631,Eimear Slee,17,,GBR,,2000,7:54.3,R,Race
2026,632,Weston Flamm,48,,USA,CrossFit Linchpin,2000,7:54.4,R,Race
2026,633,Helen Pearce,62,,GBR,Truro rowing club,2000,7:54.5,R,Race
2026,634,Silvio Castagnone,70,,ITA,Prosport Trento,2000,7:54.9,R,Race
2026,635,Dylan Saulinskas,15,"Atlanta, GA",USA,Allatoona Rowing Association,2000,7:55.2,R,Race
2026,635,Philip Tongue,51,,GBR,,2000,7:55.2,R,Race
2026,637,Grayson Gritton,19,"Atlanta, GA",USA,Wake Forest University Rowing Club,2000,7:55.4,R,Race
2026,638,Donna Taulbee,55,"Atlanta, GA",USA,RowFit - Rowing- Club Lausanne,2000,7:55.5,R,Race
2026,639,Sivaraman Rajaganapathy,35,,USA,"Rochester Rowing Club, Minnesota",2000,7:55.8,R,Race
2026,640,Martin Victor Hyndman,63,,USA,Unaffiliated (USA),2000,7:56.3,R,Race
2026,641,Logan Maihorn,15,"Atlanta, GA",USA,Row Georgia,2000,7:56.4,R,Race
2026,642,Janet Jordan,50,,GBR,,2000,7:56.6,R,Race
2026,643,Florrie Archer,17,,GBR,Cheltenham Ladies College,2000,7:56.8,R,Race
2026,644,Camille Lanckneus,33,,BEL,London RC,2000,7:56.9,R,Race
2026,645,Hayley Green,33,,GBR,Army Rowing Club,2000,7:57.1,R,Race
2026,646,Natalie Williams,22,"Atlanta, GA",USA,Georgia Tech Rowing Club,2000,7:57.2,R,Race
2026,647,Philomena Burrows,46,,GBR,Marlow Rowing Club,2000,7:57.5,R,Race
2026,648,Megan Hill,18,,GBR,Doncaster Schools Rowing Association,2000,7:57.6,R,Race
2026,648,Paul Perman,57,,GBR,,2000,7:57.6,R,Race
2026,650,Samantha Fallon,22,"Atlanta, GA",USA,"The Rowing Team at the University of Georgia, Inc.",2000,7:57.8,R,Race
2026,651,Tom Faulkner,53,,GBR,Seal PT Indoor rowing team,2000,7:58.0,R,Race
2026,652,Harper Schnell,16,,USA,Long Lake Rowing Crew,2000,7:58.1,R,Race
2026,652,Jeanette Toon,51,,AUS,,2000,7:58.1,R,Race
2026,654,Susan Diagana,48,"Atlanta, GA",USA,"Augusta Rowing Club, Inc.",2000,7:58.3,R,Race
2026,654,Joe White,52,,GBR,,2000,7:58.3,R,Race
2026,656,Nanna Schiller J&oacute;annisd&oacute;ttir,17,,NOR,KÍF-Kappróður,2000,7:58.5,R,Race
2026,657,Philip Mundie,65,,GBR,The Diamonds (Over Sixties Erging Group),2000,7:58.8,R,Race
2026,658,Steve Norton,63,,GBR,Seal PT Indoor rowing team,2000,7:59.1,R,Race
2026,658,Joseph Zogheib,17,,USA,Concord HS DE,2000,7:59.1,R,Race
2026,660,Sally Barbrook,47,,GBR,Richard Lawes Personal Training,2000,7:59.3,R,Race
2026,661,Joe White,52,,GBR,,2000,7:59.4,R,Race
2026,662,Grace Jackson,34,"Atlanta, GA",USA,Team OxFit,2000,7:59.6,R,Race
2026,663,Jackie Hamer,57,Wilmslow,GBR,SUB-7 IRC,2000,7:59.9,R,Race
2026,664,Malcolm Finn,50,,GBR,MF,2000,8:00.0,R,Race
2026,665,Catherine Gottemaker,54,"Atlanta, GA",USA,Unaffiliated (USA),2000,8:00.2,R,Race
2026,666,Rachael Young,53,,GBR,Lyme Regis,2000,8:00.4,R,Race
2026,667,Fiona Jamie,66,,GBR,Shoreham RC,2000,8:00.5,R,Race
2026,668,Anna Drahota,17,,GBR,Windsor Girls School,2000,8:00.6,R,Race
2026,669,Darcie Stubbs,16,,GBR,Hartpury University and College,2000,8:00.7,R,Race
2026,670,Kathryn Johnson,61,,GBR,Eton Excelsior Rowing Club,2000,8:00.8,R,Race
2026,671,Finn Carey,12,,AUS,,2000,8:01.1,R,Race
2026,671,Parminder Dhillon,42,,GBR,Seal PT Indoor rowing team,2000,8:01.1,R,Race
2026,673,Isabella Opwis Soares,20,"Atlanta, GA",USA,Wake Forest University Rowing Club,2000,8:01.4,R,Race
2026,674,Frances Angulo,41,,USA,Rowfit,2000,8:01.6,R,Race
2026,675,Gabby Bale,21,"Atlanta, GA",USA,Auburn University Rowing Club,2000,8:01.7,R,Race
2026,676,Charles Stockwell,66,,USA,Minnesota Boat Club,2000,8:02.1,R,Race
2026,677,Miles Rodgers,14,"Atlanta, GA",USA,Allatoona Rowing Association,2000,8:02.2,R,Race
2026,678,Norris Henderson,14,"Atlanta, GA",USA,St. Andrew Rowing Club,2000,8:02.3,R,Race
2026,678,Gavin Rampley,17,"Atlanta, GA",USA,Allatoona Rowing Association,2000,8:02.3,R,Race
2026,680,Dagmar Caygill Linares,16,,GBR,Cheltenham Ladies College,2000,8:03.1,R,Race
2026,681,Laney Hunley,17,"Atlanta, GA",USA,Lake Lanier Rowing Club,2000,8:03.5,R,Race
2026,681,Ania Kunicka,16,,GBR,Trent Rowing Club,2000,8:03.5,R,Race
2026,683,Katia Koelle,50,"Atlanta, GA",USA,Physiovation Wellness Center,2000,8:03.6,R,Race
2026,684,Chris Cumbers,77,,GBR,,2000,8:03.8,R,Race
2026,685,Logan Hudson,15,"Atlanta, GA",USA,Row Georgia,2000,8:04.0,R,Race
2026,685,Cesare Felice Viola,57,,ITA,,2000,8:04.0,R,Race
2026,687,Louise Crawford,47,,GBR,Trafford Rowing Club,2000,8:04.7,R,Race
2026,688,Stephen Michals,71,,USA,Minneapolis Rowing Club,2000,8:04.8,R,Race
2026,689,Richard Webster,71,,GBR,Team TEGAN,2000,8:05.4,R,Race
2026,690,Pauline Demel,58,,GBR,Mercian Fitness,2000,8:05.8,R,Race
2026,691,Jack Shaffer,12,"Atlanta, GA",USA,Allatoona Rowing Association,2000,8:06.1,R,Race
2026,692,Nikki Gibson,54,,GBR,Unattached,2000,8:06.4,R,Race
2026,693,Charli Wheatley,24,,GBR,,2000,8:06.6,R,Race
2026,694,Gemma Ackerley,44,,GBR,Warrington Rowing Club,2000,8:06.7,R,Race
2026,695,Marian McDaniel,20,"Atlanta, GA",USA,Georgia Tech Rowing Club,2000,8:06.8,R,Race
2026,696,Victoria Collins,49,,GBR,Gym Mostyn,2000,8:07.0,R,Race
2026,697,Ann Marie Hearne,46,,IRL,Curracloe Rowing Club,2000,8:07.3,R,Race
2026,697,Alexander Schemmel,16,,USA,"Rochester Rowing Club, Minnesota",2000,8:07.3,R,Race
2026,699,Jenny Rowe,59,,GBR,Lyme Regis Gig Club/ Forum Flyers,2000,8:07.5,R,Race
2026,700,Ellen Lily O&#039; Connor,56,,IRL,Marlow Rowing Club,2000,8:07.7,R,Race
2026,701,Polina Verkhovodova,25,"Atlanta, GA",USA,Georgia Tech Rowing Club,2000,8:08.2,R,Race
2026,702,Ernest Gorni,33,,GBR,,2000,8:08.8,R,Race
2026,703,Paul Black,46,"Atlanta, GA",USA,Unaffiliated (USA),2000,8:09.0,R,Race
2026,704,Nadia Olijar,18,,GBR,Cheltenham Ladies College,2000,8:09.2,R,Race
2026,704,Sophie Pegnia,22,"Atlanta, GA",USA,Georgia Tech Rowing Club,2000,8:09.2,R,Race
2026,704,Sharon Wallace,55,,IRL,St Andrew boat club,2000,8:09.2,R,Race
2026,707,William Konarzewski,76,,GBR,Free Spirits,2000,8:09.3,R,Race
2026,708,Peter Jones,80,,GBR,Doncaster Rowing Club,2000,8:09.6,R,Race
2026,709,Olivia Bulleyment,16,,GBR,Trent Rowing Club,2000,8:09.7,R,Race
2026,710,May Firoozmand,27,,GBR,,2000,8:09.8,R,Race
2026,711,Astrid Carlsson-Mitchell,16,,GBR,Queen Elizabeth High School Rowing Club,2000,8:09.9,R,Race
2026,712,Kate Haglin,20,,USA,St Cloud State Rowing Club,2000,8:10.3,R,Race
2026,713,Linda Mentz,20,"Atlanta, GA",USA,Georgia Tech Rowing Club,2000,8:10.5,R,Race
2026,714,Jackson Haycock,16,"Atlanta, GA",USA,Row Georgia,2000,8:10.7,R,Race
2026,715,Mae Harrison,16,,GBR,Northampton Rowing Club,2000,8:11.3,R,Race
2026,716,Lilli Doubler,19,,GBR,Hartpury University and College Boat Club,2000,8:11.5,R,Race
2026,717,Therese Hulusjő,51,,SWE,Rowfit,2000,8:11.8,R,Race
2026,718,Mason Hill,20,,USA,St. Olaf Rowing Club,2000,8:12.0,R,Race
2026,719,Claire Mitchell,42,,GBR,Raw and Outdoor,2000,8:12.2,R,Race
2026,720,Yifei Yang,38,,USA,"Rochester Rowing Club, Minnesota",2000,8:12.7,R,Race
2026,721,Alden Phillips,14,"Atlanta, GA",USA,Allatoona Rowing Association,2000,8:12.9,R,Race
2026,721,Robert Sowdon,65,,GBR,Gym Mostyn,2000,8:12.9,R,Race
2026,723,Gabrielle Smith,13,"Atlanta, GA",USA,St. Andrew Rowing Club,2000,8:13.2,R,Race
2026,724,Ava Russo,16,,GBR,Nottinghamshire County Rowing Association,2000,8:13.3,R,Race
2026,725,Anne Rutherford,57,,GBR,,2000,8:13.5,R,Race
2026,726,Chris Cumbers,77,,GBR,,2000,8:14.2,R,Race
2026,726,Fiona Palm Siddiqui,55,"Atlanta, GA",USA,"Atlanta Rowing Club, Inc.",2000,8:14.2,R,Race
2026,728,Zakary McClelland,16,,USA,"Rochester Rowing Club, Minnesota",2000,8:14.3,R,Race
2026,728,Nicky Zaiger,53,,GBR,,2000,8:14.3,R,Race
2026,730,Lottie Richardson,18,,GBR,RGS Worcester,2000,8:14.6,R,Race
2026,731,Walker Barbosa,16,,USA,"Rochester Rowing Club, Minnesota",2000,8:15.1,R,Race
2026,732,Mary Kate Bauer,18,,USA,"Rochester Rowing Club, Minnesota",2000,8:15.6,R,Race
2026,733,Anna Dennissiouk,22,"Atlanta, GA",USA,Georgia Tech Rowing Club,2000,8:16.0,R,Race
2026,734,Laura Mansfield,30,,GBR,Army Rowing Club,2000,8:16.3,R,Race
2026,735,Michael Smith,80,,GBR,,2000,8:16.5,R,Race
2026,736,Jonathan Hawkin,59,,GBR,Hexham,2000,8:16.7,R,Race
2026,736,Sarah Hayes,43,,GBR,Ultimate Health and Fitness,2000,8:16.7,R,Race
2026,738,Stacey Joyce,36,,GBR,,2000,8:17.4,R,Race
2026,739,Kerry Tickle,52,,AUS,,2000,8:17.6,R,Race
2026,740,Duane Hayman,20,,MLT,Siġġiewi Rowing Club,2000,8:18.3,R,Race
2026,741,Keira Wilde,20,,GBR,,2000,8:18.4,R,Race
2026,742,Des Johnston,56,,GBR,Fitness Matters IRC,2000,8:18.5,R,Race
2026,743,Margaret Greenhall,57,,GBR,Sub 7 IRC,2000,8:19.1,R,Race
2026,743,Richard Jeremy,46,,GBR,Marlow,2000,8:19.1,R,Race
2026,745,P&auml;ivi T&ouml;rm&auml;,68,Riihim&auml;ki,FIN,Team Diamonds,2000,8:19.4,S,Race
2026,746,Amy Thompson,33,,GBR,Army Rowing Club,2000,8:19.5,R,Race
2026,747,Chandan Devireddy,52,"Atlanta, GA",USA,Physiovation Wellness Center,2000,8:20.1,R,Race
2026,748,Molly Bassett,45,"Atlanta, GA",USA,Physiovation Wellness Center,2000,8:20.2,R,Race
2026,749,Erin Boyles,19,,GBR,,2000,8:20.6,R,Race
2026,750,Paige English,51,"Atlanta, GA",USA,Allatoona Rowing Association,2000,8:20.7,R,Race
2026,751,Jon Marsden,52,,GBR,Falcon Rowing Club,2000,8:21.1,R,Race
2026,752,Hollie Bacon,20,,GBR,,2000,8:21.2,R,Race
2026,753,Hannah Edge,36,,GBR,crossfit lutterworth,2000,8:21.4,R,Race
2026,754,Kirsten Aylward,62,"Atlanta, GA",USA,"Augusta Rowing Club, Inc.",2000,8:21.5,R,Race
2026,755,Sophie Curry,25,,GBR,,2000,8:22.2,R,Race
2026,755,Ivey Dyer,19,"Atlanta, GA",USA,Allatoona Rowing Association,2000,8:22.2,R,Race
2026,757,Stacey Joyce,36,,GBR,,2000,8:22.7,R,Race
2026,757,Matthew Leisure,21,,USA,St Cloud State Rowing Club,2000,8:22.7,R,Race
2026,759,David Hayward,76,,GBR,The Diamonds(Over Sixties Erging  Group).,2000,8:22.9,R,Race
2026,760,Julie Dwyer,47,,IRL,Whitegate Rowing Club,2000,8:23.5,R,Race
2026,761,Heidi Strickland-Clark,55,,GBR,,2000,8:24.4,R,Race
2026,761,Kerry Widdowson -Lewis,26,,GBR,Marlow Rowing Club,2000,8:24.4,R,Race
2026,763,Fiona Macgillivray,51,,GBR,,2000,8:24.5,R,Race
2026,764,Mark McCrossin,58,,AUS,,2000,8:24.8,R,Race
2026,765,Peter Bonello,27,,MLT,Siġġiewi Rowing Club,2000,8:25.0,R,Race
2026,766,Barbara Maher,65,,GBR,Inverness Rowing Club,2000,8:25.2,R,Race
2026,766,Michelle Raines,57,,AUS,,2000,8:25.2,R,Race
2026,768,Rebecca Kotulecki,16,,GBR,Star Club,2000,8:25.4,R,Race
2026,769,Caitlin Minor,35,"Atlanta, GA",USA,Team OxFit,2000,8:25.5,R,Race
2026,770,Haydn House,19,"Atlanta, GA",USA,Auburn University Rowing Club,2000,8:25.8,R,Race
2026,771,Bonnie Burke,53,"Atlanta, GA",USA,Allatoona Rowing Association,2000,8:26.1,R,Race
2026,772,Konosuke Takeda,20,,USA,St Cloud State Rowing Club,2000,8:26.8,R,Race
2026,773,Boris Dosseh,45,,TGA,Putney Town Rowing Club,2000,8:27.0,R,Race
2026,774,Martin Doyle,67,,AUS,,2000,8:27.3,R,Race
2026,775,Lucy Russell,19,"Atlanta, GA",USA,Wake Forest University Rowing Club,2000,8:27.9,R,Race
2026,776,Dylan Monaco,16,"Atlanta, GA",USA,"Augusta Rowing Club, Inc.",2000,8:28.0,R,Race
2026,777,Clare Rainbow,62,,GBR,Castle Semple rowing club,2000,8:28.8,R,Race
2026,778,Esther Steier,36,,USA,"Rochester Rowing Club, Minnesota",2000,8:29.7,R,Race
2026,779,Peter Sheean,81,,AUS,,2000,8:29.9,R,Race
2026,780,Mary Hardesty,22,"Atlanta, GA",USA,Berry College Viking Crew,2000,8:30.0,R,Race
2026,781,Stacey Denyer,39,,GBR,Team Oarsome,2000,8:30.1,R,Race
2026,781,Breanna Lahey,20,"Atlanta, GA",USA,Auburn University Rowing Club,2000,8:30.1,R,Race
2026,781,Kate Longlands,16,,GBR,Hexham Rowing Club,2000,8:30.1,R,Race
2026,784,Sydney Dyer,12,"Atlanta, GA",USA,Allatoona Rowing Association,2000,8:30.2,R,Race
2026,784,Jason Rakowsky,25,"Atlanta, GA",USA,"Augusta Rowing Club, Inc.",2000,8:30.2,R,Race
2026,786,Jingyu Song,18,"Atlanta, GA",USA,Georgia Tech Rowing Club,2000,8:31.1,R,Race
2026,787,Elizabeth Broderick,47,"Atlanta, GA",USA,Physiovation Wellness Center,2000,8:32.4,R,Race
2026,788,Aimee Hipp,19,"Atlanta, GA",USA,Auburn University Rowing Club,2000,8:32.7,R,Race
2026,789,Julietta Stravoiu,19,"Atlanta, GA",USA,Georgia Tech Rowing Club,2000,8:32.8,R,Race
2026,790,Leila Collins,14,"Atlanta, GA",USA,Row Georgia,2000,8:32.9,R,Race
2026,791,Madison Pierskalla,21,,USA,St Cloud State Rowing Club,2000,8:33.4,R,Race
2026,792,Alice Meredith,16,,GBR,Cheltenham Ladies College,2000,8:34.1,R,Race
2026,793,Hannah May,22,,USA,St. Olaf Rowing Club,2000,8:34.2,R,Race
2026,794,Ashley Winter,57,,GBR,We Are Invictus,2000,8:34.5,R,Race
2026,795,Phillipa Thomas-Wilkinson,20,"Atlanta, GA",USA,Georgia Tech Rowing Club,2000,8:36.0,R,Race
2026,796,Peter Walker,79,,GBR,Dover Leisure Centre,2000,8:36.3,R,Race
2026,797,Braylen Hall,13,"Atlanta, GA",USA,Allatoona Rowing Association,2000,8:36.4,R,Race
2026,798,Melanie Statton,59,,GBR,Absolute,2000,8:37.1,R,Race
2026,799,Michael Pearson,57,,GBR,,2000,8:37.2,R,Race
2026,800,Hadley Champley,15,"Atlanta, GA",USA,Row Georgia,2000,8:37.8,R,Race
2026,801,Gaetana Rampley,49,"Atlanta, GA",USA,Allatoona Rowing Association,2000,8:38.0,R,Race
2026,802,Derek Vaughan,81,,GBR,,2000,8:38.1,R,Race
2026,803,Callie Peels,18,"Atlanta, GA",USA,Berry College Viking Crew,2000,8:38.3,R,Race
2026,803,Olivia Rudolph,18,"Atlanta, GA",USA,Georgia Tech Rowing Club,2000,8:38.3,R,Race
2026,803,Jamie Tennant,19,,GBR,Marlow Rowing Club,2000,8:38.3,R,Race
2026,806,Amelia Gilbert,19,,USA,St. Olaf Rowing Club,2000,8:39.1,R,Race
2026,807,Lucy Griffiths,17,,GBR,RGS Worcester,2000,8:39.2,R,Race
2026,808,Trinity Hinton,19,"Atlanta, GA",USA,Georgia Tech Rowing Club,2000,8:39.5,R,Race
2026,808,Frank Mason,58,,GBR,Seal PT Indoor rowing team,2000,8:39.5,R,Race
2026,810,Sarie Hoffner,18,,USA,St. Olaf Rowing Club,2000,8:39.9,R,Race
2026,811,Emily Gates,17,,GBR,NSB,2000,8:40.6,R,Race
2026,812,Arya Jacobson,21,,USA,St. Olaf Rowing Club,2000,8:40.7,R,Race
2026,812,Aubrey Whittinghill,21,"Atlanta, GA",USA,Auburn University Rowing Club,2000,8:40.7,R,Race
2026,814,Chiara Brogni,42,,GBR,CANOTTIERI TRITIUM,2000,8:41.0,R,Race
2026,814,Helen King,65,,GBR,,2000,8:41.0,R,Race
2026,816,Jennifer Cannell,62,,USA,Minnesota Boat Club,2000,8:41.3,R,Race
2026,817,MATTHEW WRIGHT,53,"Atlanta, GA",USA,"Augusta Rowing Club, Inc.",2000,8:41.8,R,Race
2026,818,Helen Hughes,45,,GBR,Trentham Boat Club,2000,8:42.0,R,Race
2026,819,Chan Jin,36,"Atlanta, GA",USA,"Atlanta Rowing Club, Inc.",2000,8:42.2,R,Race
2026,820,Faith Xu,22,"Atlanta, GA",USA,Georgia Tech Rowing Club,2000,8:43.2,R,Race
2026,821,Eva Kushnir,21,"Atlanta, GA",USA,Georgia Tech Rowing Club,2000,8:43.5,R,Race
2026,822,Lawrence Bunn,59,,GBR,Craven Energy Triathlon Club,2000,8:44.1,R,Race
2026,822,Stuart Clinton,55,,GBR,Halifax Puregym,2000,8:44.1,R,Race
2026,824,David Westby,69,,AUS,,2000,8:44.2,R,Race
2026,825,Carla Urbano,56,,AUS,,2000,8:46.0,R,Race
2026,826,Myron Smith,76,"Atlanta, GA",USA,Unaffiliated (USA),2000,8:46.6,R,Race
2026,827,Grace Blackhall,25,,GBR,Trent Rowing Club,2000,8:46.7,R,Race
2026,828,Caroline Ford,65,,GBR,,2000,8:46.9,R,Race
2026,829,Caroline Stewart,13,"Atlanta, GA",USA,St. Andrew Rowing Club,2000,8:47.4,R,Race
2026,830,Nova Thompson,21,,USA,St Cloud State Rowing Club,2000,8:48.0,R,Race
2026,831,Stephen Wright,57,,GBR,David Lloyd Nottingham,2000,8:48.1,R,Race
2026,832,Anne Hird,66,"Providence, RI",USA,Narragansett Boat Club,2000,8:49.9,R,Race
2026,832,Arnie Kaplan,74,,GBR,Seal PT Indoor rowing team,2000,8:49.9,R,Race
2026,832,Donna Ross,50,"Atlanta, GA",USA,Allatoona Rowing Association,2000,8:49.9,R,Race
2026,835,Gabe Jacobson,13,"Atlanta, GA",USA,St. Andrew Rowing Club,2000,8:50.3,R,Race
2026,836,Laura Davidson,54,"Atlanta, GA",USA,Unaffiliated (USA),2000,8:52.9,R,Race
2026,837,Lisa Atkin,56,,GBR,Shanklin Sandown Rowing Club,2000,8:53.0,R,Race
2026,837,Ally Hanham,23,"Atlanta, GA",USA,Georgia Tech Rowing Club,2000,8:53.0,R,Race
2026,839,Cally Hammond,60,,GBR,Gym Mostyn,2000,8:53.3,R,Race
2026,840,Paislea Jarrett,15,"Atlanta, GA",USA,"Augusta Rowing Club, Inc.",2000,8:53.4,R,Race
2026,841,Kelvin Bazley,77,,AUS,,2000,8:53.5,R,Race
2026,842,Susan Young,60,,GBR,,2000,8:53.8,R,Race
2026,843,Soren Gjesfjeld,20,,USA,St. Olaf Rowing Club,2000,8:54.2,R,Race
2026,844,Reagan Brownlee,14,"Atlanta, GA",USA,Row Georgia,2000,8:54.5,R,Race
2026,845,Gwen Llewellyn,16,,GBR,Thames Scullers,2000,8:55.7,R,Race
2026,846,Kiran Jassal,46,,GBR,Seal PT Indoor rowing team,2000,8:55.8,R,Race
2026,847,Owen Mallia,27,,MLT,Siġġiewi Rowing Club,2000,8:56.0,R,Race
2026,848,Lucas Squires,13,"Atlanta, GA",USA,St. Andrew Rowing Club,2000,8:56.2,R,Race
2026,849,Camber Wallace,21,"Atlanta, GA",USA,Georgia Tech Rowing Club,2000,8:56.5,R,Race
2026,850,Margaret Denniston,41,"Atlanta, GA",USA,"Augusta Rowing Club, Inc.",2000,8:56.6,R,Race
2026,851,Madelyn Waltzing,21,,USA,St Cloud State Rowing Club,2000,8:56.7,R,Race
2026,852,Jan Primmer,63,,AUS,,2000,8:56.9,R,Race
2026,853,Layla Erb,27,"Atlanta, GA",USA,"Augusta Rowing Club, Inc.",2000,8:57.2,R,Race
2026,854,Kathryn Davis,18,"Atlanta, GA",USA,Auburn University Rowing Club,2000,8:57.3,R,Race
2026,855,Meg DeLuca,60,"Atlanta, GA",USA,"Atlanta Rowing Club, Inc.",2000,8:57.8,R,Race
2026,856,Monica Bortolotto,62,,ITA,,2000,8:59.0,R,Race
2026,857,Michael Birks,77,,GBR,Central Staffs Crossfit Gym,2000,8:59.2,R,Race
2026,858,Hailey Weitzel,20,"Atlanta, GA",USA,Georgia Tech Rowing Club,2000,8:59.6,R,Race
2026,859,Katelyn Mansfield,15,"Atlanta, GA",USA,"Augusta Rowing Club, Inc.",2000,9:00.0,R,Race
2026,859,JANE MANSFIELD,13,"Atlanta, GA",USA,"Augusta Rowing Club, Inc.",2000,9:00.0,R,Race
2026,861,Val Jones,75,,GBR,Doncaster Rowing Club,2000,9:00.4,R,Race
2026,861,Kary Perry,41,"Atlanta, GA",USA,Team OxFit,2000,9:00.4,R,Race
2026,861,Megan Tam,19,"Atlanta, GA",USA,Wake Forest University Rowing Club,2000,9:00.4,R,Race
2026,864,Caroline Wright,16,"Atlanta, GA",USA,"Augusta Rowing Club, Inc.",2000,9:00.7,R,Race
2026,865,Anne Roberts,69,,GBR,Chesterton Rowing Club,2000,9:01.5,R,Race
2026,866,Abby Wanandi,13,"Atlanta, GA",USA,St. Andrew Rowing Club,2000,9:02.1,R,Race
2026,867,Shayna Gross,51,"Atlanta, GA",USA,Physiovation Wellness Center,2000,9:02.4,R,Race
2026,868,Hadley DiCented,14,"Atlanta, GA",USA,Allatoona Rowing Association,2000,9:02.7,R,Race
2026,869,Cat Trentham,38,,GBR,,2000,9:03.1,R,Race
2026,870,Meltse Henderson,50,"Atlanta, GA",USA,Lake Lanier Rowing Club,2000,9:03.3,R,Race
2026,870,John Porter,89,,GBR,,2000,9:03.3,R,Race
2026,872,Suzanne Briggs,68,,GBR,,2000,9:04.1,R,Race
2026,873,Audrey Kling,17,"Atlanta, GA",USA,"Augusta Rowing Club, Inc.",2000,9:04.2,R,Race
2026,874,Susy Aubon,52,,GBR,Mercian Fitness,2000,9:04.9,R,Race
2026,875,Anne-Marie Patist,73,,NED,WSV Vada,2000,9:05.6,R,Race
2026,876,Jay Francis,45,,GBR,Marlow Rowing Club,2000,9:06.0,R,Race
2026,877,Addalyn Clearie,14,"Atlanta, GA",USA,Row Georgia,2000,9:06.5,R,Race
2026,878,Megan Kling,14,"Atlanta, GA",USA,"Augusta Rowing Club, Inc.",2000,9:07.2,R,Race
2026,879,Catherine Lightner,16,"Atlanta, GA",USA,"Augusta Rowing Club, Inc.",2000,9:07.3,R,Race
2026,880,Patricia Taylor,73,,GBR,Mercian Fitness,2000,9:07.7,R,Race
2026,881,Marc Gordon,64,"Carnation, WA",USA,Lake Stevens Rowing Club,2000,9:09.8,R,Race
2026,882,Jayne Carpenter,54,,GBR,Pure Gym,2000,9:10.0,R,Race
2026,883,Elizabeth Bramhall,66,"Bothell, WA",USA,Lake Stevens Rowing Club,2000,9:11.3,R,Race
2026,884,Reagan Thomas,12,"Atlanta, GA",USA,Allatoona Rowing Association,2000,9:12.0,R,Race
2026,885,Lauren Benton-Cissel,34,"Atlanta, GA",USA,"Atlanta Rowing Club, Inc.",2000,9:12.8,R,Race
2026,886,Deborah Colchester,79,,GBR,"Total Training,",2000,9:13.3,R,Race
2026,887,Florence Redgrove,56,,FRA,,2000,9:13.7,R,Race
2026,888,Maya Caraus,13,"Atlanta, GA",USA,St. Andrew Rowing Club,2000,9:14.1,R,Race
2026,889,John Milham,55,,GBR,,2000,9:14.4,R,Race
2026,890,Rob Sutherns,80,,GBR,"Arena Health and Fitness UK, Newark",2000,9:15.1,R,Race
2026,891,India Pai,13,"Atlanta, GA",USA,St. Andrew Rowing Club,2000,9:15.3,R,Race
2026,892,Evan Davidson,14,"Atlanta, GA",USA,"Augusta Rowing Club, Inc.",2000,9:15.6,R,Race
2026,893,Marie Culhane,56,,USA,Unaffiliated (USA),2000,9:15.7,R,Race
2026,894,Maria Mazzola,54,,ITA,A.S.D. CAN. TRITIUM,2000,9:15.9,R,Race
2026,895,Joseph Bopf,18,,AUS,,2000,9:16.7,R,Race
2026,896,Brody Reilly,13,"Atlanta, GA",USA,Row Georgia,2000,9:17.0,R,Race
2026,897,Lisa Kippen,50,,GBR,Deben RC,2000,9:17.1,R,Race
2026,898,Victoria Lightner,14,"Atlanta, GA",USA,"Augusta Rowing Club, Inc.",2000,9:17.4,R,Race
2026,899,Rebecca Parr,54,Faversham,GBR,,2000,9:19.4,R,Race
2026,900,Daphne Horah,13,"Atlanta, GA",USA,Row Georgia,2000,9:19.5,R,Race
2026,901,Lesley Wilson-Clark,55,,GBR,,2000,9:20.5,R,Race
2026,902,Thea Caruana,17,,MLT,University of Malta Rowing Club,2000,9:21.5,R,Race
2026,903,Raeonna Gassett,20,"Atlanta, GA",USA,Berry College Viking Crew,2000,9:22.0,R,Race
2026,904,Beverley Laundry,79,,AUS,,2000,9:23.5,R,Race
2026,905,Jane Denby-Roach,69,,GBR,Shanklin Sandown Rowing Club,2000,9:24.1,R,Race
2026,906,Jack Mitchell,12,"Atlanta, GA",USA,St. Andrew Rowing Club,2000,9:24.3,R,Race
2026,906,Alison Young,52,,GBR,Wellfit NI,2000,9:24.3,R,Race
2026,908,Erin Berglund,26,,USA,"Rochester Rowing Club, Minnesota",2000,9:24.4,R,Race
2026,909,Miriam Simmons,60,,GBR,,2000,9:24.7,R,Race
2026,910,Amelie Williams,20,,GBR,Hartpury University and College Boat Club,2000,9:25.1,R,Race
2026,911,Claire Lau,12,"Atlanta, GA",USA,St. Andrew Rowing Club,2000,9:25.3,R,Race
2026,912,Cat Trentham,38,,GBR,Cat Trentham Rowing,2000,9:26.3,R,Race
2026,913,Hayley Thompson,42,,GBR,,2000,9:27.1,R,Race
2026,914,Carol Goode,70,,GBR,Mercian Fitness,2000,9:28.0,R,Race
2026,915,Anna Davidson,16,"Atlanta, GA",USA,"Augusta Rowing Club, Inc.",2000,9:29.2,R,Race
2026,916,CHANTEL SAINSBURY,41,"Atlanta, GA",USA,"Atlanta Rowing Club, Inc.",2000,9:29.8,R,Race
2026,917,Ingrid Sammut,45,,MLT,Siġġiewi Rowing Club,2000,9:30.5,R,Race
2026,918,Elaine Mann,68,,GBR,Mercian Fitness,2000,9:30.7,R,Race
2026,919,Rebecca LeLeiko,47,"Atlanta, GA",USA,Physiovation Wellness Center,2000,9:32.2,R,Race
2026,920,Jaylee Hackney,14,"Atlanta, GA",USA,Row Georgia,2000,9:32.6,R,Race
2026,921,Yvonne Day,70,,GBR,Cool Rowings,2000,9:33.3,R,Race
2026,922,Camryn Cate,19,"Atlanta, GA",USA,Auburn University Rowing Club,2000,9:35.6,R,Race
2026,923,Alexander Rizenko,74,,GBR,The Diamonds (Over Sixties Erging Group),2000,9:37.3,R,Race
2026,924,Paula Moorhouse,76,,AUS,,2000,9:39.1,R,Race
2026,925,Sara Jaimes,21,"Atlanta, GA",USA,Georgia Tech Rowing Club,2000,9:40.2,R,Race
2026,926,Clare Lyons-Collins,51,,IRL,London RC,2000,9:40.3,R,Race
2026,927,Carlie Hopcroft,41,,GBR,,2000,9:42.2,R,Race
2026,928,Tarun Cummins,15,,USA,"Rochester Rowing Club, Minnesota",2000,9:42.5,R,Race
2026,929,Madelyn Muraoka,22,"Atlanta, GA",USA,Berry College Viking Crew,2000,9:42.8,R,Race
2026,930,lillian kroo,12,"Atlanta, GA",USA,St. Andrew Rowing Club,2000,9:43.5,R,Race
2026,931,William Rampley,12,"Atlanta, GA",USA,Allatoona Rowing Association,2000,9:43.8,R,Race
2026,932,Emmit Spohn,19,,USA,St. Olaf Rowing Club,2000,9:44.2,R,Race
2026,933,Howard Gross,80,"Atlanta, GA",USA,Physiovation Wellness Center,2000,9:45.1,R,Race
2026,934,Corinne White,72,,GBR,Mercian Fitness,2000,9:49.1,R,Race
2026,935,Alison Hope,75,,GBR,,2000,9:49.2,R,Race
2026,936,Ella Jo,16,,GBR,Cheltenham Ladies College,2000,9:51.6,R,Race
2026,937,Ken Hudson,78,,AUS,,2000,9:57.3,R,Race
2026,938,Sue McCormick,74,,AUS,,2000,10:00.0,R,Race
2026,939,Anna Bailey,74,,GBR,Old Wrecks,2000,10:01.4,R,Race
2026,940,Anne Rose,68,,GBR,,2000,10:04.9,R,Race
2026,941,Emily Hua,18,"Atlanta, GA",USA,Georgia Tech Rowing Club,2000,10:05.2,R,Race
2026,942,Eevi Oja,15,"Atlanta, GA",USA,Row Georgia,2000,10:06.4,R,Race
2026,943,Heather Jordan,71,,GBR,Cool Rowings,2000,10:10.1,R,Race
2026,944,Rex Smith,81,,GBR,Seal PT Indoor rowing team,2000,10:10.7,R,Race
2026,945,Vic Heaney,85,,GBR,YMCA Lytham,2000,10:11.1,R,Race
2026,946,Meenakshi Chalasani,11,"Atlanta, GA",USA,St. Andrew Rowing Club,2000,10:14.9,R,Race
2026,947,Leo A,9,,FIN,,2000,10:18.0,R,Race
2026,948,Kevin Enners,32,"Atlanta, GA",USA,The Diamonds,2000,10:22.1,R,Race
2026,949,Allyn Sucero,18,,USA,St Cloud State Rowing Club,2000,10:25.6,R,Race
2026,950,Kanti Chiba,79,,AUS,,2000,10:30.3,R,Race
2026,951,Virginia Ross,19,"Atlanta, GA",USA,Allatoona Rowing Association,2000,10:35.6,R,Race
2026,952,Jonathan Hill,75,,GBR,Sub7 IRC,2000,10:35.8,R,Race
2026,953,Nia Henderson,11,"Atlanta, GA",USA,St. Andrew Rowing Club,2000,10:48.1,R,Race
2026,954,Kumbrai Guzha,20,,GBR,Hartpury University and College Boat Club,2000,10:48.9,R,Race
2026,955,Lucy Sharp,78,"Atlanta, GA",USA,Unaffiliated (USA),2000,10:49.6,R,Race
2026,956,Sheila Forde,63,,GBR,Marlow Rowing Club,2000,10:50.1,R,Race
2026,957,Oliver Burrows,16,,GBR,The Gorse Boat Club,2000,10:50.7,R,Race
2026,958,Audrey Rardin,11,"Atlanta, GA",USA,Lake Lanier Rowing Club,2000,10:50.9,R,Race
2026,959,Irene Lysons,78,,GBR,Gym Mostyn,2000,10:52.2,R,Race
2026,960,Maria James,24,,MLT,Siġġiewi Rowing Club,2000,10:52.8,R,Race
2026,961,Eileen Bicknell,81,,GBR,Mercian Rowing,2000,10:55.0,R,Race
2026,962,Abbigayle Knack,10,,AUS,,2000,10:58.8,R,Race
2026,963,Kurt Farrugia,31,,MLT,Siġġiewi Rowing Club,2000,11:34.2,R,Race
2026,964,Abigail Laferla,25,,MLT,Siġġiewi Rowing Club,2000,11:58.7,R,Race
2026,965,Charlotte Ross,12,"Atlanta, GA",USA,Allatoona Rowing Association,2000,12:02.1,R,Race
2026,966,Vishnu Sam Ashtapadhi,11,,MLT,Siġġiewi Rowing Club,2000,12:39.1,R,Race
2026,966,Ashtapadhi Vishnu Sam,11,,IND,Siġġiewi Rowing Club,2000,12:39.1,R,Race
2026,968,Jayne France,54,,GBR,Sawtry Academy Leisure,2000,13:23.3,R,Race
2026,969,Hazel Parkins,87,,GBR,Cool Rowings,2000,13:31.0,R,Race
2026,970,Daniela Cachia,44,,MLT,Siggiewi Rowing Club,2000,14:04.4,R,Race
2026,971,Olga Duncan,90,,GBR,Cool Rowings,2000,14:19.4,R,Race
2026,972,Patricia Hagen,77,"Atlanta, GA",USA,Unaffiliated (USA),2000,14:27.4,R,Race
2027,1,David Woodhouse,48,"Sydney, NSW",AUS,,2000,6:28.5,R,Race
2027,2,Nathan Reynolds,47,"Sunshine Coast, QLD",AUS,,2000,6:36.9,R,Race
2027,3,Martin Edwards,55,"Brisbane, QLD",AUS,,2000,6:48.7,R,Race
2027,4,Jonathan Svendsen,31,,USA,,2000,6:49.0,R,Race
2027,5,Mark Bevan,53,"Sunshine Coast, QLD",AUS,,2000,6:49.3,R,Race
2027,6,Greg Burchell,69,"Harvey Bay, QLD",AUS,,2000,6:59.1,R,Race
2027,7,John Clayton,38,"Rockhampton, QLD",AUS,,2000,7:11.4,R,Race
2027,8,Jacqueline Rees,44,"Harvey Bay, QLD",AUS,,2000,7:12.3,R,Race
2027,9,Thomas Van Der Drift,38,"Sunshine Coast, QLD",AUS,,2000,7:13.9,R,Race
2027,10,Glenn Henriksen,59,,AUS,,2000,7:26.3,R,Race
2027,11,Finn Carey,13,"Newcastle, NSW",AUS,,2000,7:26.6,R,Race
2027,12,Michael Neale,60,,AUS,,2000,7:33.9,R,Race
2027,13,Georgia Cassar Smythe,18,"Sunshine Coast, QLD",AUS,,2000,7:37.2,R,Race
2027,14,Robert Ross,67,,AUS,,2000,7:46.1,R,Race
2027,15,John Bidwell,70,"Sunshine Coast, QLD",AUS,,2000,7:47.4,R,Race
2027,16,Leon Coad,59,"Caboolture, QLD",AUS,,2000,7:55.7,R,Race
2027,17,Paul Edwards,61,"Sunshine Coast, QLD",AUS,,2000,7:57.2,R,Race
2027,18,Caitlin McGarry,37,"Sunshine Coast, QLD",AUS,,2000,8:04.1,R,Race
2027,19,Maria Strong,55,,AUS,ErgFit,2000,8:14.6,R,Race
2027,20,Martin Doyle,67,,AUS,,2000,8:19.6,R,Race
2027,21,Mark Mccrossin,59,,AUS,,2000,8:26.9,R,Race
2027,22,Jan Primmer,64,,AUS,,2000,8:50.4,R,Race
2027,23,Liz Feldman,77,,AUS,,2000,8:55.9,R,Race
2027,24,Kelvin Bazley,78,"Toowoomba, QLD",AUS,,2000,9:08.3,R,Race
2027,25,Janet Doyle,66,,AUS,ErgFit,2000,9:09.2,R,Race
2027,26,Ashton Lahey,12,"Sunshine Coast, QLD",AUS,,2000,9:12.4,R,Race
2027,27,Beverley Laundry,80,"Yeppoon, QLD",AUS,,2000,9:37.7,R,Race
2027,28,Jenny Gardiner,75,,AUS,,2000,9:53.7,R,Race
2027,29,Sue McCormick,75,"Brisbane, QLD",AUS,,2000,10:15.5,R,Race
2027,30,Joseph Bopf,19,"Sunshine Coast, QLD",AUS,,2000,10:28.7,R,Race
2027,31,Paul Saffigna,80,"Thornlands, QLD",AUS,,2000,11:32.7,R,Race
